"","Chart Position","Artist and Title","Position Duration","Peak","(x?)","Points","Country","Country Rank"
"1",1,"Doja Cat - Paint The Town Red",68,1,"45",16920,"US",29
"2",1,"Doja Cat - Paint The Town Red",68,1,"45",16920,"UK",1
"3",1,"Doja Cat - Paint The Town Red",68,1,"45",16920,"JP",165
"4",1,"Doja Cat - Paint The Town Red",68,1,"45",16920,"DE",3
"5",1,"Doja Cat - Paint The Town Red",68,1,"45",16920,"AU",1
"6",1,"Doja Cat - Paint The Town Red",68,1,"45",16920,"CA",22
"7",1,"Doja Cat - Paint The Town Red",68,1,"45",16920,"FR",9
"8",1,"Doja Cat - Paint The Town Red",68,1,"45",16920,"IT",46
"9",1,"Doja Cat - Paint The Town Red",68,1,"45",16920,"KR",16
"10",1,"Doja Cat - Paint The Town Red",68,1,"45",16920,"MX",139
"11",1,"Doja Cat - Paint The Town Red",68,1,"45",16920,"TH",11
"12",1,"Doja Cat - Paint The Town Red",68,1,"45",16920,"BE",5
"13",1,"Doja Cat - Paint The Town Red",68,1,"45",16920,"BR",24
"14",1,"Doja Cat - Paint The Town Red",68,1,"45",16920,"CH",3
"15",1,"Doja Cat - Paint The Town Red",68,1,"45",16920,"CN",86
"16",1,"Doja Cat - Paint The Town Red",68,1,"45",16920,"CO",193
"17",1,"Doja Cat - Paint The Town Red",68,1,"45",16920,"ES",97
"18",1,"Doja Cat - Paint The Town Red",68,1,"45",16920,"HK",32
"19",1,"Doja Cat - Paint The Town Red",68,1,"45",16920,"ID",16
"20",1,"Doja Cat - Paint The Town Red",68,1,"45",16920,"IE",3
"21",1,"Doja Cat - Paint The Town Red",68,1,"45",16920,"IN",35
"22",1,"Doja Cat - Paint The Town Red",68,1,"45",16920,"NL",5
"23",1,"Doja Cat - Paint The Town Red",68,1,"45",16920,"NZ",1
"24",1,"Doja Cat - Paint The Town Red",68,1,"45",16920,"TR",21
"25",1,"Doja Cat - Paint The Town Red",68,1,"45",16920,"TW",9
"26",1,"Doja Cat - Paint The Town Red",68,1,"45",16920,"ZA",42
"27",1,"Doja Cat - Paint The Town Red",68,1,"45",16920,"AE",7
"28",1,"Doja Cat - Paint The Town Red",68,1,"45",16920,"AR",85
"29",1,"Doja Cat - Paint The Town Red",68,1,"45",16920,"AT",3
"30",1,"Doja Cat - Paint The Town Red",68,1,"45",16920,"CL",130
"31",1,"Doja Cat - Paint The Town Red",68,1,"45",16920,"CZ",3
"32",1,"Doja Cat - Paint The Town Red",68,1,"45",16920,"DK",4
"33",1,"Doja Cat - Paint The Town Red",68,1,"45",16920,"EE",4
"34",1,"Doja Cat - Paint The Town Red",68,1,"45",16920,"EG",15
"35",1,"Doja Cat - Paint The Town Red",68,1,"45",16920,"FI",8
"36",1,"Doja Cat - Paint The Town Red",68,1,"45",16920,"GR",10
"37",1,"Doja Cat - Paint The Town Red",68,1,"45",16920,"HU",12
"38",1,"Doja Cat - Paint The Town Red",68,1,"45",16920,"IL",18
"39",1,"Doja Cat - Paint The Town Red",68,1,"45",16920,"KE",73
"40",1,"Doja Cat - Paint The Town Red",68,1,"45",16920,"KZ",2
"41",1,"Doja Cat - Paint The Town Red",68,1,"45",16920,"LB",23
"42",1,"Doja Cat - Paint The Town Red",68,1,"45",16920,"LT",4
"43",1,"Doja Cat - Paint The Town Red",68,1,"45",16920,"LU",5
"44",1,"Doja Cat - Paint The Town Red",68,1,"45",16920,"MY",4
"45",1,"Doja Cat - Paint The Town Red",68,1,"45",16920,"NO",3
"46",1,"Doja Cat - Paint The Town Red",68,1,"45",16920,"PE",133
"47",1,"Doja Cat - Paint The Town Red",68,1,"45",16920,"PH",6
"48",1,"Doja Cat - Paint The Town Red",68,1,"45",16920,"PL",2
"49",1,"Doja Cat - Paint The Town Red",68,1,"45",16920,"PT",23
"50",1,"Doja Cat - Paint The Town Red",68,1,"45",16920,"RO",13
"51",1,"Doja Cat - Paint The Town Red",68,1,"45",16920,"SA",14
"52",1,"Doja Cat - Paint The Town Red",68,1,"45",16920,"SE",6
"53",1,"Doja Cat - Paint The Town Red",68,1,"45",16920,"SI",15
"54",1,"Doja Cat - Paint The Town Red",68,1,"45",16920,"SG",5
"55",1,"Doja Cat - Paint The Town Red",68,1,"45",16920,"SK",1
"56",1,"Doja Cat - Paint The Town Red",68,1,"45",16920,"UA",2
"57",1,"Doja Cat - Paint The Town Red",68,1,"45",16920,"VN",13
"58",2,"Tate McRae - greedy",27,2,"9",14619,"US",44
"59",2,"Tate McRae - greedy",27,2,"9",14619,"UK",2
"60",2,"Tate McRae - greedy",27,2,"9",14619,"DE",1
"61",2,"Tate McRae - greedy",27,2,"9",14619,"AU",2
"62",2,"Tate McRae - greedy",27,2,"9",14619,"CA",24
"63",2,"Tate McRae - greedy",27,2,"9",14619,"FR",18
"64",2,"Tate McRae - greedy",27,2,"9",14619,"IT",50
"65",2,"Tate McRae - greedy",27,2,"9",14619,"TH",74
"66",2,"Tate McRae - greedy",27,2,"9",14619,"BE",3
"67",2,"Tate McRae - greedy",27,2,"9",14619,"BR",3
"68",2,"Tate McRae - greedy",27,2,"9",14619,"CH",2
"69",2,"Tate McRae - greedy",27,2,"9",14619,"ES",74
"70",2,"Tate McRae - greedy",27,2,"9",14619,"HK",114
"71",2,"Tate McRae - greedy",27,2,"9",14619,"ID",15
"72",2,"Tate McRae - greedy",27,2,"9",14619,"IE",2
"73",2,"Tate McRae - greedy",27,2,"9",14619,"IN",57
"74",2,"Tate McRae - greedy",27,2,"9",14619,"NL",1
"75",2,"Tate McRae - greedy",27,2,"9",14619,"NZ",5
"76",2,"Tate McRae - greedy",27,2,"9",14619,"TR",61
"77",2,"Tate McRae - greedy",27,2,"9",14619,"TW",74
"78",2,"Tate McRae - greedy",27,2,"9",14619,"ZA",32
"79",2,"Tate McRae - greedy",27,2,"9",14619,"AE",4
"80",2,"Tate McRae - greedy",27,2,"9",14619,"AR",104
"81",2,"Tate McRae - greedy",27,2,"9",14619,"AT",1
"82",2,"Tate McRae - greedy",27,2,"9",14619,"CL",192
"83",2,"Tate McRae - greedy",27,2,"9",14619,"CZ",2
"84",2,"Tate McRae - greedy",27,2,"9",14619,"DK",1
"85",2,"Tate McRae - greedy",27,2,"9",14619,"EE",5
"86",2,"Tate McRae - greedy",27,2,"9",14619,"EG",11
"87",2,"Tate McRae - greedy",27,2,"9",14619,"FI",5
"88",2,"Tate McRae - greedy",27,2,"9",14619,"GR",4
"89",2,"Tate McRae - greedy",27,2,"9",14619,"HU",7
"90",2,"Tate McRae - greedy",27,2,"9",14619,"IL",8
"91",2,"Tate McRae - greedy",27,2,"9",14619,"KZ",3
"92",2,"Tate McRae - greedy",27,2,"9",14619,"LB",4
"93",2,"Tate McRae - greedy",27,2,"9",14619,"LT",1
"94",2,"Tate McRae - greedy",27,2,"9",14619,"LU",3
"95",2,"Tate McRae - greedy",27,2,"9",14619,"MY",2
"96",2,"Tate McRae - greedy",27,2,"9",14619,"NO",1
"97",2,"Tate McRae - greedy",27,2,"9",14619,"PE",152
"98",2,"Tate McRae - greedy",27,2,"9",14619,"PH",7
"99",2,"Tate McRae - greedy",27,2,"9",14619,"PL",1
"100",2,"Tate McRae - greedy",27,2,"9",14619,"PT",6
"101",2,"Tate McRae - greedy",27,2,"9",14619,"RO",4
"102",2,"Tate McRae - greedy",27,2,"9",14619,"SA",4
"103",2,"Tate McRae - greedy",27,2,"9",14619,"SE",7
"104",2,"Tate McRae - greedy",27,2,"9",14619,"SI",1
"105",2,"Tate McRae - greedy",27,2,"9",14619,"SG",2
"106",2,"Tate McRae - greedy",27,2,"9",14619,"SK",2
"107",2,"Tate McRae - greedy",27,2,"9",14619,"UA",1
"108",2,"Tate McRae - greedy",27,2,"9",14619,"VN",27
"109",3,"Drake - IDGAF",6,3,"1",13364,"US",1
"110",3,"Drake - IDGAF",6,3,"1",13364,"UK",8
"111",3,"Drake - IDGAF",6,3,"1",13364,"DE",11
"112",3,"Drake - IDGAF",6,3,"1",13364,"AU",8
"113",3,"Drake - IDGAF",6,3,"1",13364,"CA",1
"114",3,"Drake - IDGAF",6,3,"1",13364,"FR",30
"115",3,"Drake - IDGAF",6,3,"1",13364,"IT",28
"116",3,"Drake - IDGAF",6,3,"1",13364,"BE",11
"117",3,"Drake - IDGAF",6,3,"1",13364,"CH",5
"118",3,"Drake - IDGAF",6,3,"1",13364,"ES",138
"119",3,"Drake - IDGAF",6,3,"1",13364,"IE",10
"120",3,"Drake - IDGAF",6,3,"1",13364,"IN",94
"121",3,"Drake - IDGAF",6,3,"1",13364,"NL",3
"122",3,"Drake - IDGAF",6,3,"1",13364,"NZ",3
"123",3,"Drake - IDGAF",6,3,"1",13364,"TR",58
"124",3,"Drake - IDGAF",6,3,"1",13364,"ZA",4
"125",3,"Drake - IDGAF",6,3,"1",13364,"AE",2
"126",3,"Drake - IDGAF",6,3,"1",13364,"AR",186
"127",3,"Drake - IDGAF",6,3,"1",13364,"AT",5
"128",3,"Drake - IDGAF",6,3,"1",13364,"CZ",19
"129",3,"Drake - IDGAF",6,3,"1",13364,"DK",10
"130",3,"Drake - IDGAF",6,3,"1",13364,"EE",1
"131",3,"Drake - IDGAF",6,3,"1",13364,"EG",1
"132",3,"Drake - IDGAF",6,3,"1",13364,"FI",3
"133",3,"Drake - IDGAF",6,3,"1",13364,"GR",5
"134",3,"Drake - IDGAF",6,3,"1",13364,"HU",16
"135",3,"Drake - IDGAF",6,3,"1",13364,"IL",23
"136",3,"Drake - IDGAF",6,3,"1",13364,"KE",2
"137",3,"Drake - IDGAF",6,3,"1",13364,"KZ",27
"138",3,"Drake - IDGAF",6,3,"1",13364,"LB",2
"139",3,"Drake - IDGAF",6,3,"1",13364,"LT",2
"140",3,"Drake - IDGAF",6,3,"1",13364,"LU",2
"141",3,"Drake - IDGAF",6,3,"1",13364,"MY",194
"142",3,"Drake - IDGAF",6,3,"1",13364,"NG",95
"143",3,"Drake - IDGAF",6,3,"1",13364,"NO",7
"144",3,"Drake - IDGAF",6,3,"1",13364,"PL",6
"145",3,"Drake - IDGAF",6,3,"1",13364,"PT",3
"146",3,"Drake - IDGAF",6,3,"1",13364,"RO",1
"147",3,"Drake - IDGAF",6,3,"1",13364,"SA",3
"148",3,"Drake - IDGAF",6,3,"1",13364,"SE",4
"149",3,"Drake - IDGAF",6,3,"1",13364,"SI",2
"150",3,"Drake - IDGAF",6,3,"1",13364,"SG",54
"151",3,"Drake - IDGAF",6,3,"1",13364,"SK",6
"152",3,"Drake - IDGAF",6,3,"1",13364,"UA",50
"153",4,"Drake - First Person Shooter",6,3,"2",12624,"US",2
"154",4,"Drake - First Person Shooter",6,3,"2",12624,"UK",5
"155",4,"Drake - First Person Shooter",6,3,"2",12624,"DE",16
"156",4,"Drake - First Person Shooter",6,3,"2",12624,"AU",6
"157",4,"Drake - First Person Shooter",6,3,"2",12624,"CA",2
"158",4,"Drake - First Person Shooter",6,3,"2",12624,"FR",51
"159",4,"Drake - First Person Shooter",6,3,"2",12624,"IT",40
"160",4,"Drake - First Person Shooter",6,3,"2",12624,"BE",15
"161",4,"Drake - First Person Shooter",6,3,"2",12624,"CH",7
"162",4,"Drake - First Person Shooter",6,3,"2",12624,"ES",158
"163",4,"Drake - First Person Shooter",6,3,"2",12624,"IE",11
"164",4,"Drake - First Person Shooter",6,3,"2",12624,"IN",37
"165",4,"Drake - First Person Shooter",6,3,"2",12624,"NL",4
"166",4,"Drake - First Person Shooter",6,3,"2",12624,"NZ",2
"167",4,"Drake - First Person Shooter",6,3,"2",12624,"TR",99
"168",4,"Drake - First Person Shooter",6,3,"2",12624,"ZA",2
"169",4,"Drake - First Person Shooter",6,3,"2",12624,"AE",1
"170",4,"Drake - First Person Shooter",6,3,"2",12624,"AT",11
"171",4,"Drake - First Person Shooter",6,3,"2",12624,"CZ",77
"172",4,"Drake - First Person Shooter",6,3,"2",12624,"DK",6
"173",4,"Drake - First Person Shooter",6,3,"2",12624,"EE",15
"174",4,"Drake - First Person Shooter",6,3,"2",12624,"EG",2
"175",4,"Drake - First Person Shooter",6,3,"2",12624,"FI",13
"176",4,"Drake - First Person Shooter",6,3,"2",12624,"GR",9
"177",4,"Drake - First Person Shooter",6,3,"2",12624,"HU",48
"178",4,"Drake - First Person Shooter",6,3,"2",12624,"IL",29
"179",4,"Drake - First Person Shooter",6,3,"2",12624,"KE",1
"180",4,"Drake - First Person Shooter",6,3,"2",12624,"KZ",72
"181",4,"Drake - First Person Shooter",6,3,"2",12624,"LB",1
"182",4,"Drake - First Person Shooter",6,3,"2",12624,"LT",9
"183",4,"Drake - First Person Shooter",6,3,"2",12624,"LU",7
"184",4,"Drake - First Person Shooter",6,3,"2",12624,"MY",126
"185",4,"Drake - First Person Shooter",6,3,"2",12624,"NG",70
"186",4,"Drake - First Person Shooter",6,3,"2",12624,"NO",5
"187",4,"Drake - First Person Shooter",6,3,"2",12624,"PH",103
"188",4,"Drake - First Person Shooter",6,3,"2",12624,"PL",34
"189",4,"Drake - First Person Shooter",6,3,"2",12624,"PT",4
"190",4,"Drake - First Person Shooter",6,3,"2",12624,"RO",5
"191",4,"Drake - First Person Shooter",6,3,"2",12624,"SA",1
"192",4,"Drake - First Person Shooter",6,3,"2",12624,"SE",3
"193",4,"Drake - First Person Shooter",6,3,"2",12624,"SI",11
"194",4,"Drake - First Person Shooter",6,3,"2",12624,"SG",49
"195",4,"Drake - First Person Shooter",6,3,"2",12624,"SK",16
"196",5,"Drake - Virginia Beach",6,2,"2",12359,"US",3
"197",5,"Drake - Virginia Beach",6,2,"2",12359,"UK",6
"198",5,"Drake - Virginia Beach",6,2,"2",12359,"DE",17
"199",5,"Drake - Virginia Beach",6,2,"2",12359,"AU",10
"200",5,"Drake - Virginia Beach",6,2,"2",12359,"CA",3
"201",5,"Drake - Virginia Beach",6,2,"2",12359,"FR",38
"202",5,"Drake - Virginia Beach",6,2,"2",12359,"IT",30
"203",5,"Drake - Virginia Beach",6,2,"2",12359,"BE",17
"204",5,"Drake - Virginia Beach",6,2,"2",12359,"BR",135
"205",5,"Drake - Virginia Beach",6,2,"2",12359,"CH",6
"206",5,"Drake - Virginia Beach",6,2,"2",12359,"ES",104
"207",5,"Drake - Virginia Beach",6,2,"2",12359,"IE",12
"208",5,"Drake - Virginia Beach",6,2,"2",12359,"IN",68
"209",5,"Drake - Virginia Beach",6,2,"2",12359,"NL",6
"210",5,"Drake - Virginia Beach",6,2,"2",12359,"NZ",4
"211",5,"Drake - Virginia Beach",6,2,"2",12359,"TR",168
"212",5,"Drake - Virginia Beach",6,2,"2",12359,"ZA",3
"213",5,"Drake - Virginia Beach",6,2,"2",12359,"AE",3
"214",5,"Drake - Virginia Beach",6,2,"2",12359,"AR",174
"215",5,"Drake - Virginia Beach",6,2,"2",12359,"AT",12
"216",5,"Drake - Virginia Beach",6,2,"2",12359,"CZ",85
"217",5,"Drake - Virginia Beach",6,2,"2",12359,"DK",3
"218",5,"Drake - Virginia Beach",6,2,"2",12359,"EE",11
"219",5,"Drake - Virginia Beach",6,2,"2",12359,"EG",3
"220",5,"Drake - Virginia Beach",6,2,"2",12359,"FI",15
"221",5,"Drake - Virginia Beach",6,2,"2",12359,"GR",15
"222",5,"Drake - Virginia Beach",6,2,"2",12359,"HU",52
"223",5,"Drake - Virginia Beach",6,2,"2",12359,"IL",47
"224",5,"Drake - Virginia Beach",6,2,"2",12359,"KE",5
"225",5,"Drake - Virginia Beach",6,2,"2",12359,"LB",3
"226",5,"Drake - Virginia Beach",6,2,"2",12359,"LT",27
"227",5,"Drake - Virginia Beach",6,2,"2",12359,"LU",6
"228",5,"Drake - Virginia Beach",6,2,"2",12359,"MY",151
"229",5,"Drake - Virginia Beach",6,2,"2",12359,"NG",88
"230",5,"Drake - Virginia Beach",6,2,"2",12359,"NO",8
"231",5,"Drake - Virginia Beach",6,2,"2",12359,"PH",98
"232",5,"Drake - Virginia Beach",6,2,"2",12359,"PL",39
"233",5,"Drake - Virginia Beach",6,2,"2",12359,"PT",2
"234",5,"Drake - Virginia Beach",6,2,"2",12359,"RO",6
"235",5,"Drake - Virginia Beach",6,2,"2",12359,"SA",2
"236",5,"Drake - Virginia Beach",6,2,"2",12359,"SE",2
"237",5,"Drake - Virginia Beach",6,2,"2",12359,"SI",13
"238",5,"Drake - Virginia Beach",6,2,"2",12359,"SG",61
"239",5,"Drake - Virginia Beach",6,2,"2",12359,"SK",15
"240",6,"Olivia Rodrigo - vampire",104,1,"22",10868,"US",40
"241",6,"Olivia Rodrigo - vampire",104,1,"22",10868,"UK",11
"242",6,"Olivia Rodrigo - vampire",104,1,"22",10868,"DE",20
"243",6,"Olivia Rodrigo - vampire",104,1,"22",10868,"AU",4
"244",6,"Olivia Rodrigo - vampire",104,1,"22",10868,"CA",30
"245",6,"Olivia Rodrigo - vampire",104,1,"22",10868,"FR",195
"246",6,"Olivia Rodrigo - vampire",104,1,"22",10868,"IT",55
"247",6,"Olivia Rodrigo - vampire",104,1,"22",10868,"KR",79
"248",6,"Olivia Rodrigo - vampire",104,1,"22",10868,"MX",160
"249",6,"Olivia Rodrigo - vampire",104,1,"22",10868,"TH",64
"250",6,"Olivia Rodrigo - vampire",104,1,"22",10868,"BE",13
"251",6,"Olivia Rodrigo - vampire",104,1,"22",10868,"BR",27
"252",6,"Olivia Rodrigo - vampire",104,1,"22",10868,"CH",21
"253",6,"Olivia Rodrigo - vampire",104,1,"22",10868,"ES",80
"254",6,"Olivia Rodrigo - vampire",104,1,"22",10868,"HK",101
"255",6,"Olivia Rodrigo - vampire",104,1,"22",10868,"ID",25
"256",6,"Olivia Rodrigo - vampire",104,1,"22",10868,"IE",4
"257",6,"Olivia Rodrigo - vampire",104,1,"22",10868,"NL",8
"258",6,"Olivia Rodrigo - vampire",104,1,"22",10868,"NZ",10
"259",6,"Olivia Rodrigo - vampire",104,1,"22",10868,"TW",93
"260",6,"Olivia Rodrigo - vampire",104,1,"22",10868,"ZA",96
"261",6,"Olivia Rodrigo - vampire",104,1,"22",10868,"AE",22
"262",6,"Olivia Rodrigo - vampire",104,1,"22",10868,"AR",59
"263",6,"Olivia Rodrigo - vampire",104,1,"22",10868,"AT",9
"264",6,"Olivia Rodrigo - vampire",104,1,"22",10868,"CL",170
"265",6,"Olivia Rodrigo - vampire",104,1,"22",10868,"CZ",26
"266",6,"Olivia Rodrigo - vampire",104,1,"22",10868,"DK",15
"267",6,"Olivia Rodrigo - vampire",104,1,"22",10868,"EE",41
"268",6,"Olivia Rodrigo - vampire",104,1,"22",10868,"EG",65
"269",6,"Olivia Rodrigo - vampire",104,1,"22",10868,"FI",40
"270",6,"Olivia Rodrigo - vampire",104,1,"22",10868,"GR",60
"271",6,"Olivia Rodrigo - vampire",104,1,"22",10868,"HU",55
"272",6,"Olivia Rodrigo - vampire",104,1,"22",10868,"IL",21
"273",6,"Olivia Rodrigo - vampire",104,1,"22",10868,"LB",20
"274",6,"Olivia Rodrigo - vampire",104,1,"22",10868,"LT",13
"275",6,"Olivia Rodrigo - vampire",104,1,"22",10868,"LU",16
"276",6,"Olivia Rodrigo - vampire",104,1,"22",10868,"MY",5
"277",6,"Olivia Rodrigo - vampire",104,1,"22",10868,"NO",9
"278",6,"Olivia Rodrigo - vampire",104,1,"22",10868,"PE",108
"279",6,"Olivia Rodrigo - vampire",104,1,"22",10868,"PH",10
"280",6,"Olivia Rodrigo - vampire",104,1,"22",10868,"PL",48
"281",6,"Olivia Rodrigo - vampire",104,1,"22",10868,"PT",28
"282",6,"Olivia Rodrigo - vampire",104,1,"22",10868,"RO",90
"283",6,"Olivia Rodrigo - vampire",104,1,"22",10868,"SA",26
"284",6,"Olivia Rodrigo - vampire",104,1,"22",10868,"SE",12
"285",6,"Olivia Rodrigo - vampire",104,1,"22",10868,"SI",24
"286",6,"Olivia Rodrigo - vampire",104,1,"22",10868,"SG",7
"287",6,"Olivia Rodrigo - vampire",104,1,"22",10868,"SK",38
"288",6,"Olivia Rodrigo - vampire",104,1,"22",10868,"VN",52
"289",7,"Taylor Swift - Cruel Summer",245,1,"13",10731,"US",51
"290",7,"Taylor Swift - Cruel Summer",245,1,"13",10731,"UK",19
"291",7,"Taylor Swift - Cruel Summer",245,1,"13",10731,"DE",28
"292",7,"Taylor Swift - Cruel Summer",245,1,"13",10731,"AU",3
"293",7,"Taylor Swift - Cruel Summer",245,1,"13",10731,"CA",38
"294",7,"Taylor Swift - Cruel Summer",245,1,"13",10731,"IT",100
"295",7,"Taylor Swift - Cruel Summer",245,1,"13",10731,"KR",64
"296",7,"Taylor Swift - Cruel Summer",245,1,"13",10731,"MX",109
"297",7,"Taylor Swift - Cruel Summer",245,1,"13",10731,"TH",4
"298",7,"Taylor Swift - Cruel Summer",245,1,"13",10731,"BE",90
"299",7,"Taylor Swift - Cruel Summer",245,1,"13",10731,"BR",21
"300",7,"Taylor Swift - Cruel Summer",245,1,"13",10731,"CH",30
"301",7,"Taylor Swift - Cruel Summer",245,1,"13",10731,"CN",71
"302",7,"Taylor Swift - Cruel Summer",245,1,"13",10731,"ES",127
"303",7,"Taylor Swift - Cruel Summer",245,1,"13",10731,"HK",65
"304",7,"Taylor Swift - Cruel Summer",245,1,"13",10731,"ID",9
"305",7,"Taylor Swift - Cruel Summer",245,1,"13",10731,"IE",5
"306",7,"Taylor Swift - Cruel Summer",245,1,"13",10731,"IN",163
"307",7,"Taylor Swift - Cruel Summer",245,1,"13",10731,"NL",22
"308",7,"Taylor Swift - Cruel Summer",245,1,"13",10731,"NZ",8
"309",7,"Taylor Swift - Cruel Summer",245,1,"13",10731,"TW",20
"310",7,"Taylor Swift - Cruel Summer",245,1,"13",10731,"ZA",71
"311",7,"Taylor Swift - Cruel Summer",245,1,"13",10731,"AE",15
"312",7,"Taylor Swift - Cruel Summer",245,1,"13",10731,"AR",47
"313",7,"Taylor Swift - Cruel Summer",245,1,"13",10731,"AT",22
"314",7,"Taylor Swift - Cruel Summer",245,1,"13",10731,"CL",123
"315",7,"Taylor Swift - Cruel Summer",245,1,"13",10731,"CZ",61
"316",7,"Taylor Swift - Cruel Summer",245,1,"13",10731,"DK",31
"317",7,"Taylor Swift - Cruel Summer",245,1,"13",10731,"EE",46
"318",7,"Taylor Swift - Cruel Summer",245,1,"13",10731,"EG",109
"319",7,"Taylor Swift - Cruel Summer",245,1,"13",10731,"FI",36
"320",7,"Taylor Swift - Cruel Summer",245,1,"13",10731,"GR",64
"321",7,"Taylor Swift - Cruel Summer",245,1,"13",10731,"HU",88
"322",7,"Taylor Swift - Cruel Summer",245,1,"13",10731,"LB",31
"323",7,"Taylor Swift - Cruel Summer",245,1,"13",10731,"LT",12
"324",7,"Taylor Swift - Cruel Summer",245,1,"13",10731,"LU",56
"325",7,"Taylor Swift - Cruel Summer",245,1,"13",10731,"MY",8
"326",7,"Taylor Swift - Cruel Summer",245,1,"13",10731,"NO",19
"327",7,"Taylor Swift - Cruel Summer",245,1,"13",10731,"PE",96
"328",7,"Taylor Swift - Cruel Summer",245,1,"13",10731,"PH",2
"329",7,"Taylor Swift - Cruel Summer",245,1,"13",10731,"PL",51
"330",7,"Taylor Swift - Cruel Summer",245,1,"13",10731,"PT",60
"331",7,"Taylor Swift - Cruel Summer",245,1,"13",10731,"RO",157
"332",7,"Taylor Swift - Cruel Summer",245,1,"13",10731,"SA",22
"333",7,"Taylor Swift - Cruel Summer",245,1,"13",10731,"SE",15
"334",7,"Taylor Swift - Cruel Summer",245,1,"13",10731,"SI",29
"335",7,"Taylor Swift - Cruel Summer",245,1,"13",10731,"SG",4
"336",7,"Taylor Swift - Cruel Summer",245,1,"13",10731,"SK",40
"337",7,"Taylor Swift - Cruel Summer",245,1,"13",10731,"VN",28
"338",18,"Dua Lipa - Dance The Night",139,1,"19",7035,"UK",28
"339",18,"Dua Lipa - Dance The Night",139,1,"19",7035,"DE",34
"340",18,"Dua Lipa - Dance The Night",139,1,"19",7035,"AU",11
"341",18,"Dua Lipa - Dance The Night",139,1,"19",7035,"CA",74
"342",18,"Dua Lipa - Dance The Night",139,1,"19",7035,"FR",74
"343",18,"Dua Lipa - Dance The Night",139,1,"19",7035,"IT",68
"344",18,"Dua Lipa - Dance The Night",139,1,"19",7035,"BE",24
"345",18,"Dua Lipa - Dance The Night",139,1,"19",7035,"BR",78
"346",18,"Dua Lipa - Dance The Night",139,1,"19",7035,"CH",15
"347",18,"Dua Lipa - Dance The Night",139,1,"19",7035,"ES",101
"348",18,"Dua Lipa - Dance The Night",139,1,"19",7035,"IE",8
"349",18,"Dua Lipa - Dance The Night",139,1,"19",7035,"NL",9
"350",18,"Dua Lipa - Dance The Night",139,1,"19",7035,"NZ",12
"351",18,"Dua Lipa - Dance The Night",139,1,"19",7035,"ZA",132
"352",18,"Dua Lipa - Dance The Night",139,1,"19",7035,"AE",35
"353",18,"Dua Lipa - Dance The Night",139,1,"19",7035,"AR",65
"354",18,"Dua Lipa - Dance The Night",139,1,"19",7035,"AT",29
"355",18,"Dua Lipa - Dance The Night",139,1,"19",7035,"CZ",23
"356",18,"Dua Lipa - Dance The Night",139,1,"19",7035,"DK",16
"357",18,"Dua Lipa - Dance The Night",139,1,"19",7035,"EE",71
"358",18,"Dua Lipa - Dance The Night",139,1,"19",7035,"FI",29
"359",18,"Dua Lipa - Dance The Night",139,1,"19",7035,"GR",92
"360",18,"Dua Lipa - Dance The Night",139,1,"19",7035,"HU",41
"361",18,"Dua Lipa - Dance The Night",139,1,"19",7035,"LB",64
"362",18,"Dua Lipa - Dance The Night",139,1,"19",7035,"LT",24
"363",18,"Dua Lipa - Dance The Night",139,1,"19",7035,"LU",22
"364",18,"Dua Lipa - Dance The Night",139,1,"19",7035,"MY",56
"365",18,"Dua Lipa - Dance The Night",139,1,"19",7035,"NO",11
"366",18,"Dua Lipa - Dance The Night",139,1,"19",7035,"PH",88
"367",18,"Dua Lipa - Dance The Night",139,1,"19",7035,"PL",23
"368",18,"Dua Lipa - Dance The Night",139,1,"19",7035,"PT",76
"369",18,"Dua Lipa - Dance The Night",139,1,"19",7035,"SA",80
"370",18,"Dua Lipa - Dance The Night",139,1,"19",7035,"SE",27
"371",18,"Dua Lipa - Dance The Night",139,1,"19",7035,"SI",87
"372",18,"Dua Lipa - Dance The Night",139,1,"19",7035,"SG",13
"373",18,"Dua Lipa - Dance The Night",139,1,"19",7035,"SK",39
"374",22,"Dave & Central Cee - Sprinter",132,2,"20",6672,"UK",16
"375",22,"Dave & Central Cee - Sprinter",132,2,"20",6672,"DE",56
"376",22,"Dave & Central Cee - Sprinter",132,2,"20",6672,"AU",20
"377",22,"Dave & Central Cee - Sprinter",132,2,"20",6672,"CA",48
"378",22,"Dave & Central Cee - Sprinter",132,2,"20",6672,"FR",121
"379",22,"Dave & Central Cee - Sprinter",132,2,"20",6672,"IT",176
"380",22,"Dave & Central Cee - Sprinter",132,2,"20",6672,"BE",16
"381",22,"Dave & Central Cee - Sprinter",132,2,"20",6672,"CH",14
"382",22,"Dave & Central Cee - Sprinter",132,2,"20",6672,"IE",16
"383",22,"Dave & Central Cee - Sprinter",132,2,"20",6672,"NL",31
"384",22,"Dave & Central Cee - Sprinter",132,2,"20",6672,"NZ",14
"385",22,"Dave & Central Cee - Sprinter",132,2,"20",6672,"ZA",56
"386",22,"Dave & Central Cee - Sprinter",132,2,"20",6672,"AE",19
"387",22,"Dave & Central Cee - Sprinter",132,2,"20",6672,"AT",32
"388",22,"Dave & Central Cee - Sprinter",132,2,"20",6672,"CZ",51
"389",22,"Dave & Central Cee - Sprinter",132,2,"20",6672,"DK",17
"390",22,"Dave & Central Cee - Sprinter",132,2,"20",6672,"EE",62
"391",22,"Dave & Central Cee - Sprinter",132,2,"20",6672,"EG",66
"392",22,"Dave & Central Cee - Sprinter",132,2,"20",6672,"FI",32
"393",22,"Dave & Central Cee - Sprinter",132,2,"20",6672,"GR",29
"394",22,"Dave & Central Cee - Sprinter",132,2,"20",6672,"HU",50
"395",22,"Dave & Central Cee - Sprinter",132,2,"20",6672,"IL",42
"396",22,"Dave & Central Cee - Sprinter",132,2,"20",6672,"KE",38
"397",22,"Dave & Central Cee - Sprinter",132,2,"20",6672,"LB",24
"398",22,"Dave & Central Cee - Sprinter",132,2,"20",6672,"LT",26
"399",22,"Dave & Central Cee - Sprinter",132,2,"20",6672,"LU",9
"400",22,"Dave & Central Cee - Sprinter",132,2,"20",6672,"MY",190
"401",22,"Dave & Central Cee - Sprinter",132,2,"20",6672,"NG",82
"402",22,"Dave & Central Cee - Sprinter",132,2,"20",6672,"NO",16
"403",22,"Dave & Central Cee - Sprinter",132,2,"20",6672,"PL",56
"404",22,"Dave & Central Cee - Sprinter",132,2,"20",6672,"PT",24
"405",22,"Dave & Central Cee - Sprinter",132,2,"20",6672,"RO",91
"406",22,"Dave & Central Cee - Sprinter",132,2,"20",6672,"SA",49
"407",22,"Dave & Central Cee - Sprinter",132,2,"20",6672,"SE",10
"408",22,"Dave & Central Cee - Sprinter",132,2,"20",6672,"SI",37
"409",22,"Dave & Central Cee - Sprinter",132,2,"20",6672,"SK",24
"410",30,"Billie Eilish - What Was I Made For",90,2,"10",5425,"US",116
"411",30,"Billie Eilish - What Was I Made For",90,2,"10",5425,"UK",49
"412",30,"Billie Eilish - What Was I Made For",90,2,"10",5425,"DE",89
"413",30,"Billie Eilish - What Was I Made For",90,2,"10",5425,"AU",28
"414",30,"Billie Eilish - What Was I Made For",90,2,"10",5425,"CA",62
"415",30,"Billie Eilish - What Was I Made For",90,2,"10",5425,"FR",170
"416",30,"Billie Eilish - What Was I Made For",90,2,"10",5425,"BE",18
"417",30,"Billie Eilish - What Was I Made For",90,2,"10",5425,"BR",102
"418",30,"Billie Eilish - What Was I Made For",90,2,"10",5425,"CH",31
"419",30,"Billie Eilish - What Was I Made For",90,2,"10",5425,"HK",196
"420",30,"Billie Eilish - What Was I Made For",90,2,"10",5425,"ID",49
"421",30,"Billie Eilish - What Was I Made For",90,2,"10",5425,"IE",20
"422",30,"Billie Eilish - What Was I Made For",90,2,"10",5425,"NL",13
"423",30,"Billie Eilish - What Was I Made For",90,2,"10",5425,"NZ",29
"424",30,"Billie Eilish - What Was I Made For",90,2,"10",5425,"ZA",68
"425",30,"Billie Eilish - What Was I Made For",90,2,"10",5425,"AE",41
"426",30,"Billie Eilish - What Was I Made For",90,2,"10",5425,"AR",150
"427",30,"Billie Eilish - What Was I Made For",90,2,"10",5425,"AT",63
"428",30,"Billie Eilish - What Was I Made For",90,2,"10",5425,"CZ",68
"429",30,"Billie Eilish - What Was I Made For",90,2,"10",5425,"DK",25
"430",30,"Billie Eilish - What Was I Made For",90,2,"10",5425,"EE",79
"431",30,"Billie Eilish - What Was I Made For",90,2,"10",5425,"EG",102
"432",30,"Billie Eilish - What Was I Made For",90,2,"10",5425,"FI",66
"433",30,"Billie Eilish - What Was I Made For",90,2,"10",5425,"LB",40
"434",30,"Billie Eilish - What Was I Made For",90,2,"10",5425,"LT",43
"435",30,"Billie Eilish - What Was I Made For",90,2,"10",5425,"LU",26
"436",30,"Billie Eilish - What Was I Made For",90,2,"10",5425,"MY",13
"437",30,"Billie Eilish - What Was I Made For",90,2,"10",5425,"NO",13
"438",30,"Billie Eilish - What Was I Made For",90,2,"10",5425,"PH",20
"439",30,"Billie Eilish - What Was I Made For",90,2,"10",5425,"PL",67
"440",30,"Billie Eilish - What Was I Made For",90,2,"10",5425,"PT",40
"441",30,"Billie Eilish - What Was I Made For",90,2,"10",5425,"SA",55
"442",30,"Billie Eilish - What Was I Made For",90,2,"10",5425,"SE",26
"443",30,"Billie Eilish - What Was I Made For",90,2,"10",5425,"SG",11
"444",30,"Billie Eilish - What Was I Made For",90,2,"10",5425,"VN",166
"445",32,"Miley Cyrus - Flowers",272,1,"168",5145,"UK",72
"446",32,"Miley Cyrus - Flowers",272,1,"168",5145,"DE",42
"447",32,"Miley Cyrus - Flowers",272,1,"168",5145,"AU",17
"448",32,"Miley Cyrus - Flowers",272,1,"168",5145,"CA",88
"449",32,"Miley Cyrus - Flowers",272,1,"168",5145,"FR",124
"450",32,"Miley Cyrus - Flowers",272,1,"168",5145,"IT",193
"451",32,"Miley Cyrus - Flowers",272,1,"168",5145,"BE",34
"452",32,"Miley Cyrus - Flowers",272,1,"168",5145,"BR",31
"453",32,"Miley Cyrus - Flowers",272,1,"168",5145,"CH",26
"454",32,"Miley Cyrus - Flowers",272,1,"168",5145,"ES",109
"455",32,"Miley Cyrus - Flowers",272,1,"168",5145,"IE",29
"456",32,"Miley Cyrus - Flowers",272,1,"168",5145,"NL",40
"457",32,"Miley Cyrus - Flowers",272,1,"168",5145,"NZ",24
"458",32,"Miley Cyrus - Flowers",272,1,"168",5145,"ZA",101
"459",32,"Miley Cyrus - Flowers",272,1,"168",5145,"AE",47
"460",32,"Miley Cyrus - Flowers",272,1,"168",5145,"AR",55
"461",32,"Miley Cyrus - Flowers",272,1,"168",5145,"AT",27
"462",32,"Miley Cyrus - Flowers",272,1,"168",5145,"CZ",34
"463",32,"Miley Cyrus - Flowers",272,1,"168",5145,"DK",32
"464",32,"Miley Cyrus - Flowers",272,1,"168",5145,"EE",82
"465",32,"Miley Cyrus - Flowers",272,1,"168",5145,"FI",82
"466",32,"Miley Cyrus - Flowers",272,1,"168",5145,"HU",74
"467",32,"Miley Cyrus - Flowers",272,1,"168",5145,"LB",45
"468",32,"Miley Cyrus - Flowers",272,1,"168",5145,"LT",41
"469",32,"Miley Cyrus - Flowers",272,1,"168",5145,"LU",27
"470",32,"Miley Cyrus - Flowers",272,1,"168",5145,"MY",71
"471",32,"Miley Cyrus - Flowers",272,1,"168",5145,"NO",30
"472",32,"Miley Cyrus - Flowers",272,1,"168",5145,"PH",140
"473",32,"Miley Cyrus - Flowers",272,1,"168",5145,"PL",38
"474",32,"Miley Cyrus - Flowers",272,1,"168",5145,"PT",74
"475",32,"Miley Cyrus - Flowers",272,1,"168",5145,"SE",41
"476",32,"Miley Cyrus - Flowers",272,1,"168",5145,"SG",35
"477",32,"Miley Cyrus - Flowers",272,1,"168",5145,"SK",54
"478",32,"Miley Cyrus - Flowers",272,1,"168",5145,"UA",70
"479",33,"Taylor Swift - Anti-Hero",356,1,"50",5108,"US",140
"480",33,"Taylor Swift - Anti-Hero",356,1,"50",5108,"UK",42
"481",33,"Taylor Swift - Anti-Hero",356,1,"50",5108,"DE",44
"482",33,"Taylor Swift - Anti-Hero",356,1,"50",5108,"AU",14
"483",33,"Taylor Swift - Anti-Hero",356,1,"50",5108,"CA",68
"484",33,"Taylor Swift - Anti-Hero",356,1,"50",5108,"TH",117
"485",33,"Taylor Swift - Anti-Hero",356,1,"50",5108,"BE",99
"486",33,"Taylor Swift - Anti-Hero",356,1,"50",5108,"BR",40
"487",33,"Taylor Swift - Anti-Hero",356,1,"50",5108,"CH",44
"488",33,"Taylor Swift - Anti-Hero",356,1,"50",5108,"ID",58
"489",33,"Taylor Swift - Anti-Hero",356,1,"50",5108,"IE",14
"490",33,"Taylor Swift - Anti-Hero",356,1,"50",5108,"NL",38
"491",33,"Taylor Swift - Anti-Hero",356,1,"50",5108,"NZ",26
"492",33,"Taylor Swift - Anti-Hero",356,1,"50",5108,"ZA",118
"493",33,"Taylor Swift - Anti-Hero",356,1,"50",5108,"AE",73
"494",33,"Taylor Swift - Anti-Hero",356,1,"50",5108,"AR",103
"495",33,"Taylor Swift - Anti-Hero",356,1,"50",5108,"AT",43
"496",33,"Taylor Swift - Anti-Hero",356,1,"50",5108,"DK",40
"497",33,"Taylor Swift - Anti-Hero",356,1,"50",5108,"FI",85
"498",33,"Taylor Swift - Anti-Hero",356,1,"50",5108,"LT",84
"499",33,"Taylor Swift - Anti-Hero",356,1,"50",5108,"LU",45
"500",33,"Taylor Swift - Anti-Hero",356,1,"50",5108,"MY",55
"501",33,"Taylor Swift - Anti-Hero",356,1,"50",5108,"NO",53
"502",33,"Taylor Swift - Anti-Hero",356,1,"50",5108,"PH",16
"503",33,"Taylor Swift - Anti-Hero",356,1,"50",5108,"PL",110
"504",33,"Taylor Swift - Anti-Hero",356,1,"50",5108,"SA",75
"505",33,"Taylor Swift - Anti-Hero",356,1,"50",5108,"SE",37
"506",33,"Taylor Swift - Anti-Hero",356,1,"50",5108,"SG",16
"507",33,"Taylor Swift - Anti-Hero",356,1,"50",5108,"VN",146
"508",39,"Rema & Selena Gomez - Calm Down",393,2,"32",4261,"US",177
"509",39,"Rema & Selena Gomez - Calm Down",393,2,"32",4261,"UK",41
"510",39,"Rema & Selena Gomez - Calm Down",393,2,"32",4261,"DE",162
"511",39,"Rema & Selena Gomez - Calm Down",393,2,"32",4261,"AU",15
"512",39,"Rema & Selena Gomez - Calm Down",393,2,"32",4261,"CA",63
"513",39,"Rema & Selena Gomez - Calm Down",393,2,"32",4261,"BR",46
"514",39,"Rema & Selena Gomez - Calm Down",393,2,"32",4261,"CH",52
"515",39,"Rema & Selena Gomez - Calm Down",393,2,"32",4261,"ID",101
"516",39,"Rema & Selena Gomez - Calm Down",393,2,"32",4261,"IE",40
"517",39,"Rema & Selena Gomez - Calm Down",393,2,"32",4261,"IN",45
"518",39,"Rema & Selena Gomez - Calm Down",393,2,"32",4261,"NL",106
"519",39,"Rema & Selena Gomez - Calm Down",393,2,"32",4261,"NZ",25
"520",39,"Rema & Selena Gomez - Calm Down",393,2,"32",4261,"ZA",49
"521",39,"Rema & Selena Gomez - Calm Down",393,2,"32",4261,"AE",16
"522",39,"Rema & Selena Gomez - Calm Down",393,2,"32",4261,"AT",123
"523",39,"Rema & Selena Gomez - Calm Down",393,2,"32",4261,"DK",43
"524",39,"Rema & Selena Gomez - Calm Down",393,2,"32",4261,"EG",73
"525",39,"Rema & Selena Gomez - Calm Down",393,2,"32",4261,"LB",30
"526",39,"Rema & Selena Gomez - Calm Down",393,2,"32",4261,"LT",62
"527",39,"Rema & Selena Gomez - Calm Down",393,2,"32",4261,"LU",67
"528",39,"Rema & Selena Gomez - Calm Down",393,2,"32",4261,"MY",25
"529",39,"Rema & Selena Gomez - Calm Down",393,2,"32",4261,"NO",74
"530",39,"Rema & Selena Gomez - Calm Down",393,2,"32",4261,"PH",110
"531",39,"Rema & Selena Gomez - Calm Down",393,2,"32",4261,"PL",97
"532",39,"Rema & Selena Gomez - Calm Down",393,2,"32",4261,"SA",40
"533",39,"Rema & Selena Gomez - Calm Down",393,2,"32",4261,"SE",58
"534",39,"Rema & Selena Gomez - Calm Down",393,2,"32",4261,"SG",21
"535",39,"Rema & Selena Gomez - Calm Down",393,2,"32",4261,"SK",70
"536",42,"Harry Styles - As It Was",559,1,"177",4017,"UK",70
"537",42,"Harry Styles - As It Was",559,1,"177",4017,"DE",80
"538",42,"Harry Styles - As It Was",559,1,"177",4017,"AU",33
"539",42,"Harry Styles - As It Was",559,1,"177",4017,"CA",144
"540",42,"Harry Styles - As It Was",559,1,"177",4017,"MX",171
"541",42,"Harry Styles - As It Was",559,1,"177",4017,"BE",56
"542",42,"Harry Styles - As It Was",559,1,"177",4017,"BR",14
"543",42,"Harry Styles - As It Was",559,1,"177",4017,"CH",43
"544",42,"Harry Styles - As It Was",559,1,"177",4017,"CO",186
"545",42,"Harry Styles - As It Was",559,1,"177",4017,"ES",164
"546",42,"Harry Styles - As It Was",559,1,"177",4017,"ID",65
"547",42,"Harry Styles - As It Was",559,1,"177",4017,"IE",32
"548",42,"Harry Styles - As It Was",559,1,"177",4017,"IN",139
"549",42,"Harry Styles - As It Was",559,1,"177",4017,"NL",45
"550",42,"Harry Styles - As It Was",559,1,"177",4017,"NZ",44
"551",42,"Harry Styles - As It Was",559,1,"177",4017,"ZA",106
"552",42,"Harry Styles - As It Was",559,1,"177",4017,"AE",67
"553",42,"Harry Styles - As It Was",559,1,"177",4017,"AR",80
"554",42,"Harry Styles - As It Was",559,1,"177",4017,"AT",67
"555",42,"Harry Styles - As It Was",559,1,"177",4017,"CZ",94
"556",42,"Harry Styles - As It Was",559,1,"177",4017,"DK",55
"557",42,"Harry Styles - As It Was",559,1,"177",4017,"FI",97
"558",42,"Harry Styles - As It Was",559,1,"177",4017,"LB",78
"559",42,"Harry Styles - As It Was",559,1,"177",4017,"LT",30
"560",42,"Harry Styles - As It Was",559,1,"177",4017,"LU",54
"561",42,"Harry Styles - As It Was",559,1,"177",4017,"MY",51
"562",42,"Harry Styles - As It Was",559,1,"177",4017,"NO",50
"563",42,"Harry Styles - As It Was",559,1,"177",4017,"PE",130
"564",42,"Harry Styles - As It Was",559,1,"177",4017,"PH",85
"565",42,"Harry Styles - As It Was",559,1,"177",4017,"PL",47
"566",42,"Harry Styles - As It Was",559,1,"177",4017,"PT",69
"567",42,"Harry Styles - As It Was",559,1,"177",4017,"SA",72
"568",42,"Harry Styles - As It Was",559,1,"177",4017,"SE",65
"569",42,"Harry Styles - As It Was",559,1,"177",4017,"SG",30
"570",48,"David Kushner - Daylight",181,2,"14",3657,"UK",123
"571",48,"David Kushner - Daylight",181,2,"14",3657,"DE",39
"572",48,"David Kushner - Daylight",181,2,"14",3657,"AU",36
"573",48,"David Kushner - Daylight",181,2,"14",3657,"CA",82
"574",48,"David Kushner - Daylight",181,2,"14",3657,"FR",128
"575",48,"David Kushner - Daylight",181,2,"14",3657,"BE",23
"576",48,"David Kushner - Daylight",181,2,"14",3657,"CH",24
"577",48,"David Kushner - Daylight",181,2,"14",3657,"IE",92
"578",48,"David Kushner - Daylight",181,2,"14",3657,"NL",51
"579",48,"David Kushner - Daylight",181,2,"14",3657,"NZ",66
"580",48,"David Kushner - Daylight",181,2,"14",3657,"AE",90
"581",48,"David Kushner - Daylight",181,2,"14",3657,"AT",48
"582",48,"David Kushner - Daylight",181,2,"14",3657,"CZ",39
"583",48,"David Kushner - Daylight",181,2,"14",3657,"DK",84
"584",48,"David Kushner - Daylight",181,2,"14",3657,"EE",76
"585",48,"David Kushner - Daylight",181,2,"14",3657,"EG",169
"586",48,"David Kushner - Daylight",181,2,"14",3657,"FI",94
"587",48,"David Kushner - Daylight",181,2,"14",3657,"HU",78
"588",48,"David Kushner - Daylight",181,2,"14",3657,"LB",48
"589",48,"David Kushner - Daylight",181,2,"14",3657,"LT",35
"590",48,"David Kushner - Daylight",181,2,"14",3657,"LU",15
"591",48,"David Kushner - Daylight",181,2,"14",3657,"NO",24
"592",48,"David Kushner - Daylight",181,2,"14",3657,"PL",28
"593",48,"David Kushner - Daylight",181,2,"14",3657,"SA",91
"594",48,"David Kushner - Daylight",181,2,"14",3657,"SE",92
"595",48,"David Kushner - Daylight",181,2,"14",3657,"SK",62
"596",48,"David Kushner - Daylight",181,2,"14",3657,"UA",45
"597",49,"The Weeknd - Blinding Lights",1354,1,"114",3624,"UK",90
"598",49,"The Weeknd - Blinding Lights",1354,1,"114",3624,"DE",73
"599",49,"The Weeknd - Blinding Lights",1354,1,"114",3624,"AU",32
"600",49,"The Weeknd - Blinding Lights",1354,1,"114",3624,"BE",63
"601",49,"The Weeknd - Blinding Lights",1354,1,"114",3624,"BR",11
"602",49,"The Weeknd - Blinding Lights",1354,1,"114",3624,"CH",34
"603",49,"The Weeknd - Blinding Lights",1354,1,"114",3624,"IE",95
"604",49,"The Weeknd - Blinding Lights",1354,1,"114",3624,"IN",67
"605",49,"The Weeknd - Blinding Lights",1354,1,"114",3624,"NL",48
"606",49,"The Weeknd - Blinding Lights",1354,1,"114",3624,"NZ",48
"607",49,"The Weeknd - Blinding Lights",1354,1,"114",3624,"AE",40
"608",49,"The Weeknd - Blinding Lights",1354,1,"114",3624,"AR",84
"609",49,"The Weeknd - Blinding Lights",1354,1,"114",3624,"AT",76
"610",49,"The Weeknd - Blinding Lights",1354,1,"114",3624,"CZ",64
"611",49,"The Weeknd - Blinding Lights",1354,1,"114",3624,"DK",53
"612",49,"The Weeknd - Blinding Lights",1354,1,"114",3624,"EE",29
"613",49,"The Weeknd - Blinding Lights",1354,1,"114",3624,"FI",76
"614",49,"The Weeknd - Blinding Lights",1354,1,"114",3624,"LB",55
"615",49,"The Weeknd - Blinding Lights",1354,1,"114",3624,"LT",47
"616",49,"The Weeknd - Blinding Lights",1354,1,"114",3624,"LU",64
"617",49,"The Weeknd - Blinding Lights",1354,1,"114",3624,"MY",67
"618",49,"The Weeknd - Blinding Lights",1354,1,"114",3624,"NO",26
"619",49,"The Weeknd - Blinding Lights",1354,1,"114",3624,"PL",53
"620",49,"The Weeknd - Blinding Lights",1354,1,"114",3624,"PT",99
"621",49,"The Weeknd - Blinding Lights",1354,1,"114",3624,"SA",52
"622",49,"The Weeknd - Blinding Lights",1354,1,"114",3624,"SE",51
"623",49,"The Weeknd - Blinding Lights",1354,1,"114",3624,"SG",47
"624",49,"The Weeknd - Blinding Lights",1354,1,"114",3624,"SK",76
"625",49,"The Weeknd - Blinding Lights",1354,1,"114",3624,"UA",97
"626",62,"Taylor Swift - Lover",412,3,"13",2739,"US",147
"627",62,"Taylor Swift - Lover",412,3,"13",2739,"UK",111
"628",62,"Taylor Swift - Lover",412,3,"13",2739,"AU",50
"629",62,"Taylor Swift - Lover",412,3,"13",2739,"CA",84
"630",62,"Taylor Swift - Lover",412,3,"13",2739,"MX",166
"631",62,"Taylor Swift - Lover",412,3,"13",2739,"TH",32
"632",62,"Taylor Swift - Lover",412,3,"13",2739,"BR",106
"633",62,"Taylor Swift - Lover",412,3,"13",2739,"ID",39
"634",62,"Taylor Swift - Lover",412,3,"13",2739,"IE",55
"635",62,"Taylor Swift - Lover",412,3,"13",2739,"IN",104
"636",62,"Taylor Swift - Lover",412,3,"13",2739,"NL",114
"637",62,"Taylor Swift - Lover",412,3,"13",2739,"NZ",61
"638",62,"Taylor Swift - Lover",412,3,"13",2739,"AE",88
"639",62,"Taylor Swift - Lover",412,3,"13",2739,"AR",96
"640",62,"Taylor Swift - Lover",412,3,"13",2739,"AT",166
"641",62,"Taylor Swift - Lover",412,3,"13",2739,"CL",195
"642",62,"Taylor Swift - Lover",412,3,"13",2739,"DK",111
"643",62,"Taylor Swift - Lover",412,3,"13",2739,"MY",45
"644",62,"Taylor Swift - Lover",412,3,"13",2739,"NO",83
"645",62,"Taylor Swift - Lover",412,3,"13",2739,"PE",160
"646",62,"Taylor Swift - Lover",412,3,"13",2739,"PH",12
"647",62,"Taylor Swift - Lover",412,3,"13",2739,"SA",77
"648",62,"Taylor Swift - Lover",412,3,"13",2739,"SE",164
"649",62,"Taylor Swift - Lover",412,3,"13",2739,"SG",28
"650",62,"Taylor Swift - Lover",412,3,"13",2739,"VN",116
"651",70,"SZA - Kill Bill",307,1,"3",2487,"US",62
"652",70,"SZA - Kill Bill",307,1,"3",2487,"UK",184
"653",70,"SZA - Kill Bill",307,1,"3",2487,"DE",163
"654",70,"SZA - Kill Bill",307,1,"3",2487,"AU",103
"655",70,"SZA - Kill Bill",307,1,"3",2487,"CA",116
"656",70,"SZA - Kill Bill",307,1,"3",2487,"KR",98
"657",70,"SZA - Kill Bill",307,1,"3",2487,"TH",110
"658",70,"SZA - Kill Bill",307,1,"3",2487,"BR",134
"659",70,"SZA - Kill Bill",307,1,"3",2487,"CH",121
"660",70,"SZA - Kill Bill",307,1,"3",2487,"ID",38
"661",70,"SZA - Kill Bill",307,1,"3",2487,"IE",149
"662",70,"SZA - Kill Bill",307,1,"3",2487,"NL",70
"663",70,"SZA - Kill Bill",307,1,"3",2487,"NZ",51
"664",70,"SZA - Kill Bill",307,1,"3",2487,"ZA",169
"665",70,"SZA - Kill Bill",307,1,"3",2487,"AE",42
"666",70,"SZA - Kill Bill",307,1,"3",2487,"AT",185
"667",70,"SZA - Kill Bill",307,1,"3",2487,"DK",152
"668",70,"SZA - Kill Bill",307,1,"3",2487,"EG",106
"669",70,"SZA - Kill Bill",307,1,"3",2487,"LB",42
"670",70,"SZA - Kill Bill",307,1,"3",2487,"LT",52
"671",70,"SZA - Kill Bill",307,1,"3",2487,"MY",18
"672",70,"SZA - Kill Bill",307,1,"3",2487,"NO",115
"673",70,"SZA - Kill Bill",307,1,"3",2487,"PH",54
"674",70,"SZA - Kill Bill",307,1,"3",2487,"SA",35
"675",70,"SZA - Kill Bill",307,1,"3",2487,"SE",100
"676",70,"SZA - Kill Bill",307,1,"3",2487,"SG",57
"677",70,"SZA - Kill Bill",307,1,"3",2487,"VN",104
"678",84,"Travis Scott - MELTDOWN",76,1,"3",1860,"US",52
"679",84,"Travis Scott - MELTDOWN",76,1,"3",1860,"DE",170
"680",84,"Travis Scott - MELTDOWN",76,1,"3",1860,"CA",43
"681",84,"Travis Scott - MELTDOWN",76,1,"3",1860,"IT",144
"682",84,"Travis Scott - MELTDOWN",76,1,"3",1860,"CH",178
"683",84,"Travis Scott - MELTDOWN",76,1,"3",1860,"NL",200
"684",84,"Travis Scott - MELTDOWN",76,1,"3",1860,"NZ",197
"685",84,"Travis Scott - MELTDOWN",76,1,"3",1860,"ZA",70
"686",84,"Travis Scott - MELTDOWN",76,1,"3",1860,"AE",32
"687",84,"Travis Scott - MELTDOWN",76,1,"3",1860,"AT",153
"688",84,"Travis Scott - MELTDOWN",76,1,"3",1860,"EG",47
"689",84,"Travis Scott - MELTDOWN",76,1,"3",1860,"FI",184
"690",84,"Travis Scott - MELTDOWN",76,1,"3",1860,"KE",59
"691",84,"Travis Scott - MELTDOWN",76,1,"3",1860,"LB",60
"692",84,"Travis Scott - MELTDOWN",76,1,"3",1860,"LT",92
"693",84,"Travis Scott - MELTDOWN",76,1,"3",1860,"PL",93
"694",84,"Travis Scott - MELTDOWN",76,1,"3",1860,"PT",65
"695",84,"Travis Scott - MELTDOWN",76,1,"3",1860,"RO",52
"696",84,"Travis Scott - MELTDOWN",76,1,"3",1860,"SA",45
"697",84,"Travis Scott - MELTDOWN",76,1,"3",1860,"SE",184
"698",84,"Travis Scott - MELTDOWN",76,1,"3",1860,"SK",100
"699",87,"OneRepublic - I Ain't Worried",492,2,"27",1833,"UK",158
"700",87,"OneRepublic - I Ain't Worried",492,2,"27",1833,"DE",117
"701",87,"OneRepublic - I Ain't Worried",492,2,"27",1833,"AU",26
"702",87,"OneRepublic - I Ain't Worried",492,2,"27",1833,"BE",170
"703",87,"OneRepublic - I Ain't Worried",492,2,"27",1833,"CH",49
"704",87,"OneRepublic - I Ain't Worried",492,2,"27",1833,"IE",101
"705",87,"OneRepublic - I Ain't Worried",492,2,"27",1833,"NL",112
"706",87,"OneRepublic - I Ain't Worried",492,2,"27",1833,"NZ",45
"707",87,"OneRepublic - I Ain't Worried",492,2,"27",1833,"ZA",84
"708",87,"OneRepublic - I Ain't Worried",492,2,"27",1833,"AT",64
"709",87,"OneRepublic - I Ain't Worried",492,2,"27",1833,"CZ",59
"710",87,"OneRepublic - I Ain't Worried",492,2,"27",1833,"DK",162
"711",87,"OneRepublic - I Ain't Worried",492,2,"27",1833,"LU",93
"712",87,"OneRepublic - I Ain't Worried",492,2,"27",1833,"MY",117
"713",87,"OneRepublic - I Ain't Worried",492,2,"27",1833,"NO",124
"714",87,"OneRepublic - I Ain't Worried",492,2,"27",1833,"PL",65
"715",87,"OneRepublic - I Ain't Worried",492,2,"27",1833,"SG",44
"716",111,"Post Malone & Swae Lee - Sunflower",1087,3,"19",1544,"UK",174
"717",111,"Post Malone & Swae Lee - Sunflower",1087,3,"19",1544,"AU",59
"718",111,"Post Malone & Swae Lee - Sunflower",1087,3,"19",1544,"CA",154
"719",111,"Post Malone & Swae Lee - Sunflower",1087,3,"19",1544,"TH",23
"720",111,"Post Malone & Swae Lee - Sunflower",1087,3,"19",1544,"BR",194
"721",111,"Post Malone & Swae Lee - Sunflower",1087,3,"19",1544,"IE",129
"722",111,"Post Malone & Swae Lee - Sunflower",1087,3,"19",1544,"IN",131
"723",111,"Post Malone & Swae Lee - Sunflower",1087,3,"19",1544,"NL",163
"724",111,"Post Malone & Swae Lee - Sunflower",1087,3,"19",1544,"NZ",57
"725",111,"Post Malone & Swae Lee - Sunflower",1087,3,"19",1544,"DK",195
"726",111,"Post Malone & Swae Lee - Sunflower",1087,3,"19",1544,"MY",109
"727",111,"Post Malone & Swae Lee - Sunflower",1087,3,"19",1544,"NO",135
"728",111,"Post Malone & Swae Lee - Sunflower",1087,3,"19",1544,"PH",167
"729",111,"Post Malone & Swae Lee - Sunflower",1087,3,"19",1544,"SE",193
"730",111,"Post Malone & Swae Lee - Sunflower",1087,3,"19",1544,"SG",51
"731",123,"Nicki Minaj & Ice Spice - Barbie World",110,2,"2",1468,"US",173
"732",123,"Nicki Minaj & Ice Spice - Barbie World",110,2,"2",1468,"UK",198
"733",123,"Nicki Minaj & Ice Spice - Barbie World",110,2,"2",1468,"DE",174
"734",123,"Nicki Minaj & Ice Spice - Barbie World",110,2,"2",1468,"AU",41
"735",123,"Nicki Minaj & Ice Spice - Barbie World",110,2,"2",1468,"CA",104
"736",123,"Nicki Minaj & Ice Spice - Barbie World",110,2,"2",1468,"BE",100
"737",123,"Nicki Minaj & Ice Spice - Barbie World",110,2,"2",1468,"CH",137
"738",123,"Nicki Minaj & Ice Spice - Barbie World",110,2,"2",1468,"IE",200
"739",123,"Nicki Minaj & Ice Spice - Barbie World",110,2,"2",1468,"NL",82
"740",123,"Nicki Minaj & Ice Spice - Barbie World",110,2,"2",1468,"NZ",55
"741",123,"Nicki Minaj & Ice Spice - Barbie World",110,2,"2",1468,"AE",57
"742",123,"Nicki Minaj & Ice Spice - Barbie World",110,2,"2",1468,"AT",196
"743",123,"Nicki Minaj & Ice Spice - Barbie World",110,2,"2",1468,"DK",90
"744",123,"Nicki Minaj & Ice Spice - Barbie World",110,2,"2",1468,"FI",165
"745",123,"Nicki Minaj & Ice Spice - Barbie World",110,2,"2",1468,"LT",82
"746",123,"Nicki Minaj & Ice Spice - Barbie World",110,2,"2",1468,"LU",85
"747",123,"Nicki Minaj & Ice Spice - Barbie World",110,2,"2",1468,"NO",84
"748",123,"Nicki Minaj & Ice Spice - Barbie World",110,2,"2",1468,"PL",105
"749",123,"Nicki Minaj & Ice Spice - Barbie World",110,2,"2",1468,"SE",107
"750",126,"Ed Sheeran - Perfect",1982,1,"2",1446,"UK",136
"751",126,"Ed Sheeran - Perfect",1982,1,"2",1446,"AU",94
"752",126,"Ed Sheeran - Perfect",1982,1,"2",1446,"CA",150
"753",126,"Ed Sheeran - Perfect",1982,1,"2",1446,"TH",131
"754",126,"Ed Sheeran - Perfect",1982,1,"2",1446,"BE",126
"755",126,"Ed Sheeran - Perfect",1982,1,"2",1446,"BR",130
"756",126,"Ed Sheeran - Perfect",1982,1,"2",1446,"CH",106
"757",126,"Ed Sheeran - Perfect",1982,1,"2",1446,"HK",182
"758",126,"Ed Sheeran - Perfect",1982,1,"2",1446,"ID",138
"759",126,"Ed Sheeran - Perfect",1982,1,"2",1446,"IE",164
"760",126,"Ed Sheeran - Perfect",1982,1,"2",1446,"IN",103
"761",126,"Ed Sheeran - Perfect",1982,1,"2",1446,"NL",63
"762",126,"Ed Sheeran - Perfect",1982,1,"2",1446,"NZ",106
"763",126,"Ed Sheeran - Perfect",1982,1,"2",1446,"AE",91
"764",126,"Ed Sheeran - Perfect",1982,1,"2",1446,"AR",154
"765",126,"Ed Sheeran - Perfect",1982,1,"2",1446,"CZ",96
"766",126,"Ed Sheeran - Perfect",1982,1,"2",1446,"DK",61
"767",126,"Ed Sheeran - Perfect",1982,1,"2",1446,"FI",158
"768",126,"Ed Sheeran - Perfect",1982,1,"2",1446,"MY",47
"769",126,"Ed Sheeran - Perfect",1982,1,"2",1446,"NO",43
"770",126,"Ed Sheeran - Perfect",1982,1,"2",1446,"PH",178
"771",126,"Ed Sheeran - Perfect",1982,1,"2",1446,"PL",142
"772",126,"Ed Sheeran - Perfect",1982,1,"2",1446,"SA",88
"773",126,"Ed Sheeran - Perfect",1982,1,"2",1446,"SE",76
"774",126,"Ed Sheeran - Perfect",1982,1,"2",1446,"SG",24
"775",145,"Travis Scott - FEN",73,2,"2",1301,"US",125
"776",145,"Travis Scott - FEN",73,2,"2",1301,"DE",127
"777",145,"Travis Scott - FEN",73,2,"2",1301,"CA",103
"778",145,"Travis Scott - FEN",73,2,"2",1301,"IT",161
"779",145,"Travis Scott - FEN",73,2,"2",1301,"CH",125
"780",145,"Travis Scott - FEN",73,2,"2",1301,"IN",119
"781",145,"Travis Scott - FEN",73,2,"2",1301,"ZA",93
"782",145,"Travis Scott - FEN",73,2,"2",1301,"AE",46
"783",145,"Travis Scott - FEN",73,2,"2",1301,"AT",72
"784",145,"Travis Scott - FEN",73,2,"2",1301,"EE",70
"785",145,"Travis Scott - FEN",73,2,"2",1301,"EG",44
"786",145,"Travis Scott - FEN",73,2,"2",1301,"FI",154
"787",145,"Travis Scott - FEN",73,2,"2",1301,"KE",76
"788",145,"Travis Scott - FEN",73,2,"2",1301,"LT",88
"789",145,"Travis Scott - FEN",73,2,"2",1301,"LU",66
"790",145,"Travis Scott - FEN",73,2,"2",1301,"PL",66
"791",145,"Travis Scott - FEN",73,2,"2",1301,"PT",94
"792",145,"Travis Scott - FEN",73,2,"2",1301,"RO",18
"793",145,"Travis Scott - FEN",73,2,"2",1301,"SA",73
"794",145,"Travis Scott - FEN",73,2,"2",1301,"SK",49
"795",168,"Glass Animals - Heat Waves",1029,2,"13",1177,"UK",183
"796",168,"Glass Animals - Heat Waves",1029,2,"13",1177,"AU",35
"797",168,"Glass Animals - Heat Waves",1029,2,"13",1177,"CA",158
"798",168,"Glass Animals - Heat Waves",1029,2,"13",1177,"BE",145
"799",168,"Glass Animals - Heat Waves",1029,2,"13",1177,"CH",61
"800",168,"Glass Animals - Heat Waves",1029,2,"13",1177,"IE",168
"801",168,"Glass Animals - Heat Waves",1029,2,"13",1177,"IN",136
"802",168,"Glass Animals - Heat Waves",1029,2,"13",1177,"NL",125
"803",168,"Glass Animals - Heat Waves",1029,2,"13",1177,"NZ",74
"804",168,"Glass Animals - Heat Waves",1029,2,"13",1177,"ZA",135
"805",168,"Glass Animals - Heat Waves",1029,2,"13",1177,"AT",140
"806",168,"Glass Animals - Heat Waves",1029,2,"13",1177,"LU",97
"807",168,"Glass Animals - Heat Waves",1029,2,"13",1177,"PL",155
"808",185,"Chris Brown - Under the Influence",432,2,"17",1110,"US",92
"809",185,"Chris Brown - Under the Influence",432,2,"17",1110,"UK",119
"810",185,"Chris Brown - Under the Influence",432,2,"17",1110,"AU",186
"811",185,"Chris Brown - Under the Influence",432,2,"17",1110,"TH",190
"812",185,"Chris Brown - Under the Influence",432,2,"17",1110,"BE",186
"813",185,"Chris Brown - Under the Influence",432,2,"17",1110,"BR",184
"814",185,"Chris Brown - Under the Influence",432,2,"17",1110,"CH",140
"815",185,"Chris Brown - Under the Influence",432,2,"17",1110,"ID",189
"816",185,"Chris Brown - Under the Influence",432,2,"17",1110,"NL",183
"817",185,"Chris Brown - Under the Influence",432,2,"17",1110,"NZ",95
"818",185,"Chris Brown - Under the Influence",432,2,"17",1110,"ZA",72
"819",185,"Chris Brown - Under the Influence",432,2,"17",1110,"AE",43
"820",185,"Chris Brown - Under the Influence",432,2,"17",1110,"KE",61
"821",185,"Chris Brown - Under the Influence",432,2,"17",1110,"MY",81
"822",185,"Chris Brown - Under the Influence",432,2,"17",1110,"NG",200
"823",185,"Chris Brown - Under the Influence",432,2,"17",1110,"PH",61
"824",185,"Chris Brown - Under the Influence",432,2,"17",1110,"SA",64
"825",198,"Elton John & Dua Lipa - Cold Heart",787,1,"41",1056,"AU",43
"826",198,"Elton John & Dua Lipa - Cold Heart",787,1,"41",1056,"BR",68
"827",198,"Elton John & Dua Lipa - Cold Heart",787,1,"41",1056,"CH",122
"828",198,"Elton John & Dua Lipa - Cold Heart",787,1,"41",1056,"IE",151
"829",198,"Elton John & Dua Lipa - Cold Heart",787,1,"41",1056,"NL",99
"830",198,"Elton John & Dua Lipa - Cold Heart",787,1,"41",1056,"NZ",49
"831",198,"Elton John & Dua Lipa - Cold Heart",787,1,"41",1056,"ZA",177
"832",198,"Elton John & Dua Lipa - Cold Heart",787,1,"41",1056,"AR",93
"833",198,"Elton John & Dua Lipa - Cold Heart",787,1,"41",1056,"DK",124
"834",198,"Elton John & Dua Lipa - Cold Heart",787,1,"41",1056,"LU",92
"835",198,"Elton John & Dua Lipa - Cold Heart",787,1,"41",1056,"NO",172
"836",198,"Elton John & Dua Lipa - Cold Heart",787,1,"41",1056,"PL",157
