,Chart Position,Artist and Title,Position Duration,Peak,(x?),Points,Country,Country Rank
0,1,Doja Cat - Paint The Town Red,68,1,45,16920,US,29.0
1,2,Tate McRae - greedy,27,2,9,14619,US,44.0
2,3,Drake - IDGAF,6,3,1,13364,US,1.0
3,4,Drake - First Person Shooter,6,3,2,12624,US,2.0
4,5,Drake - Virginia Beach,6,2,2,12359,US,3.0
5,6,Olivia Rodrigo - vampire,104,1,22,10868,US,40.0
6,7,Taylor Swift - Cruel Summer,245,1,13,10731,US,51.0
29,30,Billie Eilish - What Was I Made For,90,2,10,5425,US,116.0
32,33,Taylor Swift - Anti-Hero,356,1,50,5108,US,140.0
38,39,Rema & Selena Gomez - Calm Down,393,2,32,4261,US,177.0
61,62,Taylor Swift - Lover,412,3,13,2739,US,147.0
69,70,SZA - Kill Bill,307,1,3,2487,US,62.0
83,84,Travis Scott - MELTDOWN,76,1,3,1860,US,52.0
122,123,Nicki Minaj & Ice Spice - Barbie World,110,2,2,1468,US,173.0
144,145,Travis Scott - FEN,73,2,2,1301,US,125.0
184,185,Chris Brown - Under the Influence,432,2,17,1110,US,92.0
199,1,Doja Cat - Paint The Town Red,68,1,45,16920,UK,1.0
200,2,Tate McRae - greedy,27,2,9,14619,UK,2.0
201,3,Drake - IDGAF,6,3,1,13364,UK,8.0
202,4,Drake - First Person Shooter,6,3,2,12624,UK,5.0
203,5,Drake - Virginia Beach,6,2,2,12359,UK,6.0
204,6,Olivia Rodrigo - vampire,104,1,22,10868,UK,11.0
205,7,Taylor Swift - Cruel Summer,245,1,13,10731,UK,19.0
216,18,Dua Lipa - Dance The Night,139,1,19,7035,UK,28.0
220,22,Dave & Central Cee - Sprinter,132,2,20,6672,UK,16.0
228,30,Billie Eilish - What Was I Made For,90,2,10,5425,UK,49.0
230,32,Miley Cyrus - Flowers,272,1,168,5145,UK,72.0
231,33,Taylor Swift - Anti-Hero,356,1,50,5108,UK,42.0
237,39,Rema & Selena Gomez - Calm Down,393,2,32,4261,UK,41.0
240,42,Harry Styles - As It Was,559,1,177,4017,UK,70.0
246,48,David Kushner - Daylight,181,2,14,3657,UK,123.0
247,49,The Weeknd - Blinding Lights,1354,1,114,3624,UK,90.0
260,62,Taylor Swift - Lover,412,3,13,2739,UK,111.0
268,70,SZA - Kill Bill,307,1,3,2487,UK,184.0
285,87,OneRepublic - I Ain't Worried,492,2,27,1833,UK,158.0
309,111,Post Malone & Swae Lee - Sunflower,1087,3,19,1544,UK,174.0
321,123,Nicki Minaj & Ice Spice - Barbie World,110,2,2,1468,UK,198.0
324,126,Ed Sheeran - Perfect,1982,1,2,1446,UK,136.0
366,168,Glass Animals - Heat Waves,1029,2,13,1177,UK,183.0
383,185,Chris Brown - Under the Influence,432,2,17,1110,UK,119.0
398,1,Doja Cat - Paint The Town Red,68,1,45,16920,JP,165.0
597,1,Doja Cat - Paint The Town Red,68,1,45,16920,DE,3.0
598,2,Tate McRae - greedy,27,2,9,14619,DE,1.0
599,3,Drake - IDGAF,6,3,1,13364,DE,11.0
600,4,Drake - First Person Shooter,6,3,2,12624,DE,16.0
601,5,Drake - Virginia Beach,6,2,2,12359,DE,17.0
602,6,Olivia Rodrigo - vampire,104,1,22,10868,DE,20.0
603,7,Taylor Swift - Cruel Summer,245,1,13,10731,DE,28.0
614,18,Dua Lipa - Dance The Night,139,1,19,7035,DE,34.0
618,22,Dave & Central Cee - Sprinter,132,2,20,6672,DE,56.0
626,30,Billie Eilish - What Was I Made For,90,2,10,5425,DE,89.0
628,32,Miley Cyrus - Flowers,272,1,168,5145,DE,42.0
629,33,Taylor Swift - Anti-Hero,356,1,50,5108,DE,44.0
635,39,Rema & Selena Gomez - Calm Down,393,2,32,4261,DE,162.0
638,42,Harry Styles - As It Was,559,1,177,4017,DE,80.0
644,48,David Kushner - Daylight,181,2,14,3657,DE,39.0
645,49,The Weeknd - Blinding Lights,1354,1,114,3624,DE,73.0
666,70,SZA - Kill Bill,307,1,3,2487,DE,163.0
680,84,Travis Scott - MELTDOWN,76,1,3,1860,DE,170.0
683,87,OneRepublic - I Ain't Worried,492,2,27,1833,DE,117.0
719,123,Nicki Minaj & Ice Spice - Barbie World,110,2,2,1468,DE,174.0
741,145,Travis Scott - FEN,73,2,2,1301,DE,127.0
796,1,Doja Cat - Paint The Town Red,68,1,45,16920,AU,1.0
797,2,Tate McRae - greedy,27,2,9,14619,AU,2.0
798,3,Drake - IDGAF,6,3,1,13364,AU,8.0
799,4,Drake - First Person Shooter,6,3,2,12624,AU,6.0
800,5,Drake - Virginia Beach,6,2,2,12359,AU,10.0
801,6,Olivia Rodrigo - vampire,104,1,22,10868,AU,4.0
802,7,Taylor Swift - Cruel Summer,245,1,13,10731,AU,3.0
813,18,Dua Lipa - Dance The Night,139,1,19,7035,AU,11.0
817,22,Dave & Central Cee - Sprinter,132,2,20,6672,AU,20.0
825,30,Billie Eilish - What Was I Made For,90,2,10,5425,AU,28.0
827,32,Miley Cyrus - Flowers,272,1,168,5145,AU,17.0
828,33,Taylor Swift - Anti-Hero,356,1,50,5108,AU,14.0
834,39,Rema & Selena Gomez - Calm Down,393,2,32,4261,AU,15.0
837,42,Harry Styles - As It Was,559,1,177,4017,AU,33.0
843,48,David Kushner - Daylight,181,2,14,3657,AU,36.0
844,49,The Weeknd - Blinding Lights,1354,1,114,3624,AU,32.0
857,62,Taylor Swift - Lover,412,3,13,2739,AU,50.0
865,70,SZA - Kill Bill,307,1,3,2487,AU,103.0
882,87,OneRepublic - I Ain't Worried,492,2,27,1833,AU,26.0
906,111,Post Malone & Swae Lee - Sunflower,1087,3,19,1544,AU,59.0
918,123,Nicki Minaj & Ice Spice - Barbie World,110,2,2,1468,AU,41.0
921,126,Ed Sheeran - Perfect,1982,1,2,1446,AU,94.0
963,168,Glass Animals - Heat Waves,1029,2,13,1177,AU,35.0
980,185,Chris Brown - Under the Influence,432,2,17,1110,AU,186.0
993,198,Elton John & Dua Lipa - Cold Heart,787,1,41,1056,AU,43.0
995,1,Doja Cat - Paint The Town Red,68,1,45,16920,CA,22.0
996,2,Tate McRae - greedy,27,2,9,14619,CA,24.0
997,3,Drake - IDGAF,6,3,1,13364,CA,1.0
998,4,Drake - First Person Shooter,6,3,2,12624,CA,2.0
999,5,Drake - Virginia Beach,6,2,2,12359,CA,3.0
1000,6,Olivia Rodrigo - vampire,104,1,22,10868,CA,30.0
1001,7,Taylor Swift - Cruel Summer,245,1,13,10731,CA,38.0
1012,18,Dua Lipa - Dance The Night,139,1,19,7035,CA,74.0
1016,22,Dave & Central Cee - Sprinter,132,2,20,6672,CA,48.0
1024,30,Billie Eilish - What Was I Made For,90,2,10,5425,CA,62.0
1026,32,Miley Cyrus - Flowers,272,1,168,5145,CA,88.0
1027,33,Taylor Swift - Anti-Hero,356,1,50,5108,CA,68.0
1033,39,Rema & Selena Gomez - Calm Down,393,2,32,4261,CA,63.0
1036,42,Harry Styles - As It Was,559,1,177,4017,CA,144.0
1042,48,David Kushner - Daylight,181,2,14,3657,CA,82.0
1056,62,Taylor Swift - Lover,412,3,13,2739,CA,84.0
1064,70,SZA - Kill Bill,307,1,3,2487,CA,116.0
1078,84,Travis Scott - MELTDOWN,76,1,3,1860,CA,43.0
1105,111,Post Malone & Swae Lee - Sunflower,1087,3,19,1544,CA,154.0
1117,123,Nicki Minaj & Ice Spice - Barbie World,110,2,2,1468,CA,104.0
1120,126,Ed Sheeran - Perfect,1982,1,2,1446,CA,150.0
1139,145,Travis Scott - FEN,73,2,2,1301,CA,103.0
1162,168,Glass Animals - Heat Waves,1029,2,13,1177,CA,158.0
1194,1,Doja Cat - Paint The Town Red,68,1,45,16920,FR,9.0
1195,2,Tate McRae - greedy,27,2,9,14619,FR,18.0
1196,3,Drake - IDGAF,6,3,1,13364,FR,30.0
1197,4,Drake - First Person Shooter,6,3,2,12624,FR,51.0
1198,5,Drake - Virginia Beach,6,2,2,12359,FR,38.0
1199,6,Olivia Rodrigo - vampire,104,1,22,10868,FR,195.0
1211,18,Dua Lipa - Dance The Night,139,1,19,7035,FR,74.0
1215,22,Dave & Central Cee - Sprinter,132,2,20,6672,FR,121.0
1223,30,Billie Eilish - What Was I Made For,90,2,10,5425,FR,170.0
1225,32,Miley Cyrus - Flowers,272,1,168,5145,FR,124.0
1241,48,David Kushner - Daylight,181,2,14,3657,FR,128.0
1393,1,Doja Cat - Paint The Town Red,68,1,45,16920,IT,46.0
1394,2,Tate McRae - greedy,27,2,9,14619,IT,50.0
1395,3,Drake - IDGAF,6,3,1,13364,IT,28.0
1396,4,Drake - First Person Shooter,6,3,2,12624,IT,40.0
1397,5,Drake - Virginia Beach,6,2,2,12359,IT,30.0
1398,6,Olivia Rodrigo - vampire,104,1,22,10868,IT,55.0
1399,7,Taylor Swift - Cruel Summer,245,1,13,10731,IT,100.0
1410,18,Dua Lipa - Dance The Night,139,1,19,7035,IT,68.0
1414,22,Dave & Central Cee - Sprinter,132,2,20,6672,IT,176.0
1424,32,Miley Cyrus - Flowers,272,1,168,5145,IT,193.0
1476,84,Travis Scott - MELTDOWN,76,1,3,1860,IT,144.0
1537,145,Travis Scott - FEN,73,2,2,1301,IT,161.0
1592,1,Doja Cat - Paint The Town Red,68,1,45,16920,KR,16.0
1597,6,Olivia Rodrigo - vampire,104,1,22,10868,KR,79.0
1598,7,Taylor Swift - Cruel Summer,245,1,13,10731,KR,64.0
1661,70,SZA - Kill Bill,307,1,3,2487,KR,98.0
1791,1,Doja Cat - Paint The Town Red,68,1,45,16920,MX,139.0
1796,6,Olivia Rodrigo - vampire,104,1,22,10868,MX,160.0
1797,7,Taylor Swift - Cruel Summer,245,1,13,10731,MX,109.0
1832,42,Harry Styles - As It Was,559,1,177,4017,MX,171.0
1852,62,Taylor Swift - Lover,412,3,13,2739,MX,166.0
2189,1,Doja Cat - Paint The Town Red,68,1,45,16920,TH,11.0
2190,2,Tate McRae - greedy,27,2,9,14619,TH,74.0
2194,6,Olivia Rodrigo - vampire,104,1,22,10868,TH,64.0
2195,7,Taylor Swift - Cruel Summer,245,1,13,10731,TH,4.0
2221,33,Taylor Swift - Anti-Hero,356,1,50,5108,TH,117.0
2250,62,Taylor Swift - Lover,412,3,13,2739,TH,32.0
2258,70,SZA - Kill Bill,307,1,3,2487,TH,110.0
2299,111,Post Malone & Swae Lee - Sunflower,1087,3,19,1544,TH,23.0
2314,126,Ed Sheeran - Perfect,1982,1,2,1446,TH,131.0
2373,185,Chris Brown - Under the Influence,432,2,17,1110,TH,190.0
2388,1,Doja Cat - Paint The Town Red,68,1,45,16920,BE,5.0
2389,2,Tate McRae - greedy,27,2,9,14619,BE,3.0
2390,3,Drake - IDGAF,6,3,1,13364,BE,11.0
2391,4,Drake - First Person Shooter,6,3,2,12624,BE,15.0
2392,5,Drake - Virginia Beach,6,2,2,12359,BE,17.0
2393,6,Olivia Rodrigo - vampire,104,1,22,10868,BE,13.0
2394,7,Taylor Swift - Cruel Summer,245,1,13,10731,BE,90.0
2405,18,Dua Lipa - Dance The Night,139,1,19,7035,BE,24.0
2409,22,Dave & Central Cee - Sprinter,132,2,20,6672,BE,16.0
2417,30,Billie Eilish - What Was I Made For,90,2,10,5425,BE,18.0
2419,32,Miley Cyrus - Flowers,272,1,168,5145,BE,34.0
2420,33,Taylor Swift - Anti-Hero,356,1,50,5108,BE,99.0
2429,42,Harry Styles - As It Was,559,1,177,4017,BE,56.0
2435,48,David Kushner - Daylight,181,2,14,3657,BE,23.0
2436,49,The Weeknd - Blinding Lights,1354,1,114,3624,BE,63.0
2474,87,OneRepublic - I Ain't Worried,492,2,27,1833,BE,170.0
2510,123,Nicki Minaj & Ice Spice - Barbie World,110,2,2,1468,BE,100.0
2513,126,Ed Sheeran - Perfect,1982,1,2,1446,BE,126.0
2555,168,Glass Animals - Heat Waves,1029,2,13,1177,BE,145.0
2572,185,Chris Brown - Under the Influence,432,2,17,1110,BE,186.0
2587,1,Doja Cat - Paint The Town Red,68,1,45,16920,BR,24.0
2588,2,Tate McRae - greedy,27,2,9,14619,BR,3.0
2591,5,Drake - Virginia Beach,6,2,2,12359,BR,135.0
2592,6,Olivia Rodrigo - vampire,104,1,22,10868,BR,27.0
2593,7,Taylor Swift - Cruel Summer,245,1,13,10731,BR,21.0
2604,18,Dua Lipa - Dance The Night,139,1,19,7035,BR,78.0
2616,30,Billie Eilish - What Was I Made For,90,2,10,5425,BR,102.0
2618,32,Miley Cyrus - Flowers,272,1,168,5145,BR,31.0
2619,33,Taylor Swift - Anti-Hero,356,1,50,5108,BR,40.0
2625,39,Rema & Selena Gomez - Calm Down,393,2,32,4261,BR,46.0
2628,42,Harry Styles - As It Was,559,1,177,4017,BR,14.0
2635,49,The Weeknd - Blinding Lights,1354,1,114,3624,BR,11.0
2648,62,Taylor Swift - Lover,412,3,13,2739,BR,106.0
2656,70,SZA - Kill Bill,307,1,3,2487,BR,134.0
2697,111,Post Malone & Swae Lee - Sunflower,1087,3,19,1544,BR,194.0
2712,126,Ed Sheeran - Perfect,1982,1,2,1446,BR,130.0
2771,185,Chris Brown - Under the Influence,432,2,17,1110,BR,184.0
2784,198,Elton John & Dua Lipa - Cold Heart,787,1,41,1056,BR,68.0
2786,1,Doja Cat - Paint The Town Red,68,1,45,16920,CH,3.0
2787,2,Tate McRae - greedy,27,2,9,14619,CH,2.0
2788,3,Drake - IDGAF,6,3,1,13364,CH,5.0
2789,4,Drake - First Person Shooter,6,3,2,12624,CH,7.0
2790,5,Drake - Virginia Beach,6,2,2,12359,CH,6.0
2791,6,Olivia Rodrigo - vampire,104,1,22,10868,CH,21.0
2792,7,Taylor Swift - Cruel Summer,245,1,13,10731,CH,30.0
2803,18,Dua Lipa - Dance The Night,139,1,19,7035,CH,15.0
2807,22,Dave & Central Cee - Sprinter,132,2,20,6672,CH,14.0
2815,30,Billie Eilish - What Was I Made For,90,2,10,5425,CH,31.0
2817,32,Miley Cyrus - Flowers,272,1,168,5145,CH,26.0
2818,33,Taylor Swift - Anti-Hero,356,1,50,5108,CH,44.0
2824,39,Rema & Selena Gomez - Calm Down,393,2,32,4261,CH,52.0
2827,42,Harry Styles - As It Was,559,1,177,4017,CH,43.0
2833,48,David Kushner - Daylight,181,2,14,3657,CH,24.0
2834,49,The Weeknd - Blinding Lights,1354,1,114,3624,CH,34.0
2855,70,SZA - Kill Bill,307,1,3,2487,CH,121.0
2869,84,Travis Scott - MELTDOWN,76,1,3,1860,CH,178.0
2872,87,OneRepublic - I Ain't Worried,492,2,27,1833,CH,49.0
2908,123,Nicki Minaj & Ice Spice - Barbie World,110,2,2,1468,CH,137.0
2911,126,Ed Sheeran - Perfect,1982,1,2,1446,CH,106.0
2930,145,Travis Scott - FEN,73,2,2,1301,CH,125.0
2953,168,Glass Animals - Heat Waves,1029,2,13,1177,CH,61.0
2970,185,Chris Brown - Under the Influence,432,2,17,1110,CH,140.0
2983,198,Elton John & Dua Lipa - Cold Heart,787,1,41,1056,CH,122.0
2985,1,Doja Cat - Paint The Town Red,68,1,45,16920,CN,86.0
2991,7,Taylor Swift - Cruel Summer,245,1,13,10731,CN,71.0
3184,1,Doja Cat - Paint The Town Red,68,1,45,16920,CO,193.0
3225,42,Harry Styles - As It Was,559,1,177,4017,CO,186.0
3383,1,Doja Cat - Paint The Town Red,68,1,45,16920,ES,97.0
3384,2,Tate McRae - greedy,27,2,9,14619,ES,74.0
3385,3,Drake - IDGAF,6,3,1,13364,ES,138.0
3386,4,Drake - First Person Shooter,6,3,2,12624,ES,158.0
3387,5,Drake - Virginia Beach,6,2,2,12359,ES,104.0
3388,6,Olivia Rodrigo - vampire,104,1,22,10868,ES,80.0
3389,7,Taylor Swift - Cruel Summer,245,1,13,10731,ES,127.0
3400,18,Dua Lipa - Dance The Night,139,1,19,7035,ES,101.0
3414,32,Miley Cyrus - Flowers,272,1,168,5145,ES,109.0
3424,42,Harry Styles - As It Was,559,1,177,4017,ES,164.0
3582,1,Doja Cat - Paint The Town Red,68,1,45,16920,HK,32.0
3583,2,Tate McRae - greedy,27,2,9,14619,HK,114.0
3587,6,Olivia Rodrigo - vampire,104,1,22,10868,HK,101.0
3588,7,Taylor Swift - Cruel Summer,245,1,13,10731,HK,65.0
3611,30,Billie Eilish - What Was I Made For,90,2,10,5425,HK,196.0
3707,126,Ed Sheeran - Perfect,1982,1,2,1446,HK,182.0
3781,1,Doja Cat - Paint The Town Red,68,1,45,16920,ID,16.0
3782,2,Tate McRae - greedy,27,2,9,14619,ID,15.0
3786,6,Olivia Rodrigo - vampire,104,1,22,10868,ID,25.0
3787,7,Taylor Swift - Cruel Summer,245,1,13,10731,ID,9.0
3810,30,Billie Eilish - What Was I Made For,90,2,10,5425,ID,49.0
3813,33,Taylor Swift - Anti-Hero,356,1,50,5108,ID,58.0
3819,39,Rema & Selena Gomez - Calm Down,393,2,32,4261,ID,101.0
3822,42,Harry Styles - As It Was,559,1,177,4017,ID,65.0
3842,62,Taylor Swift - Lover,412,3,13,2739,ID,39.0
3850,70,SZA - Kill Bill,307,1,3,2487,ID,38.0
3906,126,Ed Sheeran - Perfect,1982,1,2,1446,ID,138.0
3965,185,Chris Brown - Under the Influence,432,2,17,1110,ID,189.0
3980,1,Doja Cat - Paint The Town Red,68,1,45,16920,IE,3.0
3981,2,Tate McRae - greedy,27,2,9,14619,IE,2.0
3982,3,Drake - IDGAF,6,3,1,13364,IE,10.0
3983,4,Drake - First Person Shooter,6,3,2,12624,IE,11.0
3984,5,Drake - Virginia Beach,6,2,2,12359,IE,12.0
3985,6,Olivia Rodrigo - vampire,104,1,22,10868,IE,4.0
3986,7,Taylor Swift - Cruel Summer,245,1,13,10731,IE,5.0
3997,18,Dua Lipa - Dance The Night,139,1,19,7035,IE,8.0
4001,22,Dave & Central Cee - Sprinter,132,2,20,6672,IE,16.0
4009,30,Billie Eilish - What Was I Made For,90,2,10,5425,IE,20.0
4011,32,Miley Cyrus - Flowers,272,1,168,5145,IE,29.0
4012,33,Taylor Swift - Anti-Hero,356,1,50,5108,IE,14.0
4018,39,Rema & Selena Gomez - Calm Down,393,2,32,4261,IE,40.0
4021,42,Harry Styles - As It Was,559,1,177,4017,IE,32.0
4027,48,David Kushner - Daylight,181,2,14,3657,IE,92.0
4028,49,The Weeknd - Blinding Lights,1354,1,114,3624,IE,95.0
4041,62,Taylor Swift - Lover,412,3,13,2739,IE,55.0
4049,70,SZA - Kill Bill,307,1,3,2487,IE,149.0
4066,87,OneRepublic - I Ain't Worried,492,2,27,1833,IE,101.0
4090,111,Post Malone & Swae Lee - Sunflower,1087,3,19,1544,IE,129.0
4102,123,Nicki Minaj & Ice Spice - Barbie World,110,2,2,1468,IE,200.0
4105,126,Ed Sheeran - Perfect,1982,1,2,1446,IE,164.0
4147,168,Glass Animals - Heat Waves,1029,2,13,1177,IE,168.0
4177,198,Elton John & Dua Lipa - Cold Heart,787,1,41,1056,IE,151.0
4179,1,Doja Cat - Paint The Town Red,68,1,45,16920,IN,35.0
4180,2,Tate McRae - greedy,27,2,9,14619,IN,57.0
4181,3,Drake - IDGAF,6,3,1,13364,IN,94.0
4182,4,Drake - First Person Shooter,6,3,2,12624,IN,37.0
4183,5,Drake - Virginia Beach,6,2,2,12359,IN,68.0
4185,7,Taylor Swift - Cruel Summer,245,1,13,10731,IN,163.0
4217,39,Rema & Selena Gomez - Calm Down,393,2,32,4261,IN,45.0
4220,42,Harry Styles - As It Was,559,1,177,4017,IN,139.0
4227,49,The Weeknd - Blinding Lights,1354,1,114,3624,IN,67.0
4240,62,Taylor Swift - Lover,412,3,13,2739,IN,104.0
4289,111,Post Malone & Swae Lee - Sunflower,1087,3,19,1544,IN,131.0
4304,126,Ed Sheeran - Perfect,1982,1,2,1446,IN,103.0
4323,145,Travis Scott - FEN,73,2,2,1301,IN,119.0
4346,168,Glass Animals - Heat Waves,1029,2,13,1177,IN,136.0
4378,1,Doja Cat - Paint The Town Red,68,1,45,16920,NL,5.0
4379,2,Tate McRae - greedy,27,2,9,14619,NL,1.0
4380,3,Drake - IDGAF,6,3,1,13364,NL,3.0
4381,4,Drake - First Person Shooter,6,3,2,12624,NL,4.0
4382,5,Drake - Virginia Beach,6,2,2,12359,NL,6.0
4383,6,Olivia Rodrigo - vampire,104,1,22,10868,NL,8.0
4384,7,Taylor Swift - Cruel Summer,245,1,13,10731,NL,22.0
4395,18,Dua Lipa - Dance The Night,139,1,19,7035,NL,9.0
4399,22,Dave & Central Cee - Sprinter,132,2,20,6672,NL,31.0
4407,30,Billie Eilish - What Was I Made For,90,2,10,5425,NL,13.0
4409,32,Miley Cyrus - Flowers,272,1,168,5145,NL,40.0
4410,33,Taylor Swift - Anti-Hero,356,1,50,5108,NL,38.0
4416,39,Rema & Selena Gomez - Calm Down,393,2,32,4261,NL,106.0
4419,42,Harry Styles - As It Was,559,1,177,4017,NL,45.0
4425,48,David Kushner - Daylight,181,2,14,3657,NL,51.0
4426,49,The Weeknd - Blinding Lights,1354,1,114,3624,NL,48.0
4439,62,Taylor Swift - Lover,412,3,13,2739,NL,114.0
4447,70,SZA - Kill Bill,307,1,3,2487,NL,70.0
4461,84,Travis Scott - MELTDOWN,76,1,3,1860,NL,200.0
4464,87,OneRepublic - I Ain't Worried,492,2,27,1833,NL,112.0
4488,111,Post Malone & Swae Lee - Sunflower,1087,3,19,1544,NL,163.0
4500,123,Nicki Minaj & Ice Spice - Barbie World,110,2,2,1468,NL,82.0
4503,126,Ed Sheeran - Perfect,1982,1,2,1446,NL,63.0
4545,168,Glass Animals - Heat Waves,1029,2,13,1177,NL,125.0
4562,185,Chris Brown - Under the Influence,432,2,17,1110,NL,183.0
4575,198,Elton John & Dua Lipa - Cold Heart,787,1,41,1056,NL,99.0
4577,1,Doja Cat - Paint The Town Red,68,1,45,16920,NZ,1.0
4578,2,Tate McRae - greedy,27,2,9,14619,NZ,5.0
4579,3,Drake - IDGAF,6,3,1,13364,NZ,3.0
4580,4,Drake - First Person Shooter,6,3,2,12624,NZ,2.0
4581,5,Drake - Virginia Beach,6,2,2,12359,NZ,4.0
4582,6,Olivia Rodrigo - vampire,104,1,22,10868,NZ,10.0
4583,7,Taylor Swift - Cruel Summer,245,1,13,10731,NZ,8.0
4594,18,Dua Lipa - Dance The Night,139,1,19,7035,NZ,12.0
4598,22,Dave & Central Cee - Sprinter,132,2,20,6672,NZ,14.0
4606,30,Billie Eilish - What Was I Made For,90,2,10,5425,NZ,29.0
4608,32,Miley Cyrus - Flowers,272,1,168,5145,NZ,24.0
4609,33,Taylor Swift - Anti-Hero,356,1,50,5108,NZ,26.0
4615,39,Rema & Selena Gomez - Calm Down,393,2,32,4261,NZ,25.0
4618,42,Harry Styles - As It Was,559,1,177,4017,NZ,44.0
4624,48,David Kushner - Daylight,181,2,14,3657,NZ,66.0
4625,49,The Weeknd - Blinding Lights,1354,1,114,3624,NZ,48.0
4638,62,Taylor Swift - Lover,412,3,13,2739,NZ,61.0
4646,70,SZA - Kill Bill,307,1,3,2487,NZ,51.0
4660,84,Travis Scott - MELTDOWN,76,1,3,1860,NZ,197.0
4663,87,OneRepublic - I Ain't Worried,492,2,27,1833,NZ,45.0
4687,111,Post Malone & Swae Lee - Sunflower,1087,3,19,1544,NZ,57.0
4699,123,Nicki Minaj & Ice Spice - Barbie World,110,2,2,1468,NZ,55.0
4702,126,Ed Sheeran - Perfect,1982,1,2,1446,NZ,106.0
4744,168,Glass Animals - Heat Waves,1029,2,13,1177,NZ,74.0
4761,185,Chris Brown - Under the Influence,432,2,17,1110,NZ,95.0
4774,198,Elton John & Dua Lipa - Cold Heart,787,1,41,1056,NZ,49.0
4776,1,Doja Cat - Paint The Town Red,68,1,45,16920,TR,21.0
4777,2,Tate McRae - greedy,27,2,9,14619,TR,61.0
4778,3,Drake - IDGAF,6,3,1,13364,TR,58.0
4779,4,Drake - First Person Shooter,6,3,2,12624,TR,99.0
4780,5,Drake - Virginia Beach,6,2,2,12359,TR,168.0
4975,1,Doja Cat - Paint The Town Red,68,1,45,16920,TW,9.0
4976,2,Tate McRae - greedy,27,2,9,14619,TW,74.0
4980,6,Olivia Rodrigo - vampire,104,1,22,10868,TW,93.0
4981,7,Taylor Swift - Cruel Summer,245,1,13,10731,TW,20.0
5174,1,Doja Cat - Paint The Town Red,68,1,45,16920,ZA,42.0
5175,2,Tate McRae - greedy,27,2,9,14619,ZA,32.0
5176,3,Drake - IDGAF,6,3,1,13364,ZA,4.0
5177,4,Drake - First Person Shooter,6,3,2,12624,ZA,2.0
5178,5,Drake - Virginia Beach,6,2,2,12359,ZA,3.0
5179,6,Olivia Rodrigo - vampire,104,1,22,10868,ZA,96.0
5180,7,Taylor Swift - Cruel Summer,245,1,13,10731,ZA,71.0
5191,18,Dua Lipa - Dance The Night,139,1,19,7035,ZA,132.0
5195,22,Dave & Central Cee - Sprinter,132,2,20,6672,ZA,56.0
5203,30,Billie Eilish - What Was I Made For,90,2,10,5425,ZA,68.0
5205,32,Miley Cyrus - Flowers,272,1,168,5145,ZA,101.0
5206,33,Taylor Swift - Anti-Hero,356,1,50,5108,ZA,118.0
5212,39,Rema & Selena Gomez - Calm Down,393,2,32,4261,ZA,49.0
5215,42,Harry Styles - As It Was,559,1,177,4017,ZA,106.0
5243,70,SZA - Kill Bill,307,1,3,2487,ZA,169.0
5257,84,Travis Scott - MELTDOWN,76,1,3,1860,ZA,70.0
5260,87,OneRepublic - I Ain't Worried,492,2,27,1833,ZA,84.0
5318,145,Travis Scott - FEN,73,2,2,1301,ZA,93.0
5341,168,Glass Animals - Heat Waves,1029,2,13,1177,ZA,135.0
5358,185,Chris Brown - Under the Influence,432,2,17,1110,ZA,72.0
5371,198,Elton John & Dua Lipa - Cold Heart,787,1,41,1056,ZA,177.0
5373,1,Doja Cat - Paint The Town Red,68,1,45,16920,AE,7.0
5374,2,Tate McRae - greedy,27,2,9,14619,AE,4.0
5375,3,Drake - IDGAF,6,3,1,13364,AE,2.0
5376,4,Drake - First Person Shooter,6,3,2,12624,AE,1.0
5377,5,Drake - Virginia Beach,6,2,2,12359,AE,3.0
5378,6,Olivia Rodrigo - vampire,104,1,22,10868,AE,22.0
5379,7,Taylor Swift - Cruel Summer,245,1,13,10731,AE,15.0
5390,18,Dua Lipa - Dance The Night,139,1,19,7035,AE,35.0
5394,22,Dave & Central Cee - Sprinter,132,2,20,6672,AE,19.0
5402,30,Billie Eilish - What Was I Made For,90,2,10,5425,AE,41.0
5404,32,Miley Cyrus - Flowers,272,1,168,5145,AE,47.0
5405,33,Taylor Swift - Anti-Hero,356,1,50,5108,AE,73.0
5411,39,Rema & Selena Gomez - Calm Down,393,2,32,4261,AE,16.0
5414,42,Harry Styles - As It Was,559,1,177,4017,AE,67.0
5420,48,David Kushner - Daylight,181,2,14,3657,AE,90.0
5421,49,The Weeknd - Blinding Lights,1354,1,114,3624,AE,40.0
5434,62,Taylor Swift - Lover,412,3,13,2739,AE,88.0
5442,70,SZA - Kill Bill,307,1,3,2487,AE,42.0
5456,84,Travis Scott - MELTDOWN,76,1,3,1860,AE,32.0
5495,123,Nicki Minaj & Ice Spice - Barbie World,110,2,2,1468,AE,57.0
5498,126,Ed Sheeran - Perfect,1982,1,2,1446,AE,91.0
5517,145,Travis Scott - FEN,73,2,2,1301,AE,46.0
5557,185,Chris Brown - Under the Influence,432,2,17,1110,AE,43.0
5572,1,Doja Cat - Paint The Town Red,68,1,45,16920,AR,85.0
5573,2,Tate McRae - greedy,27,2,9,14619,AR,104.0
5574,3,Drake - IDGAF,6,3,1,13364,AR,186.0
5576,5,Drake - Virginia Beach,6,2,2,12359,AR,174.0
5577,6,Olivia Rodrigo - vampire,104,1,22,10868,AR,59.0
5578,7,Taylor Swift - Cruel Summer,245,1,13,10731,AR,47.0
5589,18,Dua Lipa - Dance The Night,139,1,19,7035,AR,65.0
5601,30,Billie Eilish - What Was I Made For,90,2,10,5425,AR,150.0
5603,32,Miley Cyrus - Flowers,272,1,168,5145,AR,55.0
5604,33,Taylor Swift - Anti-Hero,356,1,50,5108,AR,103.0
5613,42,Harry Styles - As It Was,559,1,177,4017,AR,80.0
5620,49,The Weeknd - Blinding Lights,1354,1,114,3624,AR,84.0
5633,62,Taylor Swift - Lover,412,3,13,2739,AR,96.0
5697,126,Ed Sheeran - Perfect,1982,1,2,1446,AR,154.0
5769,198,Elton John & Dua Lipa - Cold Heart,787,1,41,1056,AR,93.0
5771,1,Doja Cat - Paint The Town Red,68,1,45,16920,AT,3.0
5772,2,Tate McRae - greedy,27,2,9,14619,AT,1.0
5773,3,Drake - IDGAF,6,3,1,13364,AT,5.0
5774,4,Drake - First Person Shooter,6,3,2,12624,AT,11.0
5775,5,Drake - Virginia Beach,6,2,2,12359,AT,12.0
5776,6,Olivia Rodrigo - vampire,104,1,22,10868,AT,9.0
5777,7,Taylor Swift - Cruel Summer,245,1,13,10731,AT,22.0
5788,18,Dua Lipa - Dance The Night,139,1,19,7035,AT,29.0
5792,22,Dave & Central Cee - Sprinter,132,2,20,6672,AT,32.0
5800,30,Billie Eilish - What Was I Made For,90,2,10,5425,AT,63.0
5802,32,Miley Cyrus - Flowers,272,1,168,5145,AT,27.0
5803,33,Taylor Swift - Anti-Hero,356,1,50,5108,AT,43.0
5809,39,Rema & Selena Gomez - Calm Down,393,2,32,4261,AT,123.0
5812,42,Harry Styles - As It Was,559,1,177,4017,AT,67.0
5818,48,David Kushner - Daylight,181,2,14,3657,AT,48.0
5819,49,The Weeknd - Blinding Lights,1354,1,114,3624,AT,76.0
5832,62,Taylor Swift - Lover,412,3,13,2739,AT,166.0
5840,70,SZA - Kill Bill,307,1,3,2487,AT,185.0
5854,84,Travis Scott - MELTDOWN,76,1,3,1860,AT,153.0
5857,87,OneRepublic - I Ain't Worried,492,2,27,1833,AT,64.0
5893,123,Nicki Minaj & Ice Spice - Barbie World,110,2,2,1468,AT,196.0
5915,145,Travis Scott - FEN,73,2,2,1301,AT,72.0
5938,168,Glass Animals - Heat Waves,1029,2,13,1177,AT,140.0
5970,1,Doja Cat - Paint The Town Red,68,1,45,16920,CL,130.0
5971,2,Tate McRae - greedy,27,2,9,14619,CL,192.0
5975,6,Olivia Rodrigo - vampire,104,1,22,10868,CL,170.0
5976,7,Taylor Swift - Cruel Summer,245,1,13,10731,CL,123.0
6031,62,Taylor Swift - Lover,412,3,13,2739,CL,195.0
6169,1,Doja Cat - Paint The Town Red,68,1,45,16920,CZ,3.0
6170,2,Tate McRae - greedy,27,2,9,14619,CZ,2.0
6171,3,Drake - IDGAF,6,3,1,13364,CZ,19.0
6172,4,Drake - First Person Shooter,6,3,2,12624,CZ,77.0
6173,5,Drake - Virginia Beach,6,2,2,12359,CZ,85.0
6174,6,Olivia Rodrigo - vampire,104,1,22,10868,CZ,26.0
6175,7,Taylor Swift - Cruel Summer,245,1,13,10731,CZ,61.0
6186,18,Dua Lipa - Dance The Night,139,1,19,7035,CZ,23.0
6190,22,Dave & Central Cee - Sprinter,132,2,20,6672,CZ,51.0
6198,30,Billie Eilish - What Was I Made For,90,2,10,5425,CZ,68.0
6200,32,Miley Cyrus - Flowers,272,1,168,5145,CZ,34.0
6210,42,Harry Styles - As It Was,559,1,177,4017,CZ,94.0
6216,48,David Kushner - Daylight,181,2,14,3657,CZ,39.0
6217,49,The Weeknd - Blinding Lights,1354,1,114,3624,CZ,64.0
6255,87,OneRepublic - I Ain't Worried,492,2,27,1833,CZ,59.0
6294,126,Ed Sheeran - Perfect,1982,1,2,1446,CZ,96.0
6368,1,Doja Cat - Paint The Town Red,68,1,45,16920,DK,4.0
6369,2,Tate McRae - greedy,27,2,9,14619,DK,1.0
6370,3,Drake - IDGAF,6,3,1,13364,DK,10.0
6371,4,Drake - First Person Shooter,6,3,2,12624,DK,6.0
6372,5,Drake - Virginia Beach,6,2,2,12359,DK,3.0
6373,6,Olivia Rodrigo - vampire,104,1,22,10868,DK,15.0
6374,7,Taylor Swift - Cruel Summer,245,1,13,10731,DK,31.0
6385,18,Dua Lipa - Dance The Night,139,1,19,7035,DK,16.0
6389,22,Dave & Central Cee - Sprinter,132,2,20,6672,DK,17.0
6397,30,Billie Eilish - What Was I Made For,90,2,10,5425,DK,25.0
6399,32,Miley Cyrus - Flowers,272,1,168,5145,DK,32.0
6400,33,Taylor Swift - Anti-Hero,356,1,50,5108,DK,40.0
6406,39,Rema & Selena Gomez - Calm Down,393,2,32,4261,DK,43.0
6409,42,Harry Styles - As It Was,559,1,177,4017,DK,55.0
6415,48,David Kushner - Daylight,181,2,14,3657,DK,84.0
6416,49,The Weeknd - Blinding Lights,1354,1,114,3624,DK,53.0
6429,62,Taylor Swift - Lover,412,3,13,2739,DK,111.0
6437,70,SZA - Kill Bill,307,1,3,2487,DK,152.0
6454,87,OneRepublic - I Ain't Worried,492,2,27,1833,DK,162.0
6478,111,Post Malone & Swae Lee - Sunflower,1087,3,19,1544,DK,195.0
6490,123,Nicki Minaj & Ice Spice - Barbie World,110,2,2,1468,DK,90.0
6493,126,Ed Sheeran - Perfect,1982,1,2,1446,DK,61.0
6565,198,Elton John & Dua Lipa - Cold Heart,787,1,41,1056,DK,124.0
6766,1,Doja Cat - Paint The Town Red,68,1,45,16920,EE,4.0
6767,2,Tate McRae - greedy,27,2,9,14619,EE,5.0
6768,3,Drake - IDGAF,6,3,1,13364,EE,1.0
6769,4,Drake - First Person Shooter,6,3,2,12624,EE,15.0
6770,5,Drake - Virginia Beach,6,2,2,12359,EE,11.0
6771,6,Olivia Rodrigo - vampire,104,1,22,10868,EE,41.0
6772,7,Taylor Swift - Cruel Summer,245,1,13,10731,EE,46.0
6783,18,Dua Lipa - Dance The Night,139,1,19,7035,EE,71.0
6787,22,Dave & Central Cee - Sprinter,132,2,20,6672,EE,62.0
6795,30,Billie Eilish - What Was I Made For,90,2,10,5425,EE,79.0
6797,32,Miley Cyrus - Flowers,272,1,168,5145,EE,82.0
6813,48,David Kushner - Daylight,181,2,14,3657,EE,76.0
6814,49,The Weeknd - Blinding Lights,1354,1,114,3624,EE,29.0
6910,145,Travis Scott - FEN,73,2,2,1301,EE,70.0
6965,1,Doja Cat - Paint The Town Red,68,1,45,16920,EG,15.0
6966,2,Tate McRae - greedy,27,2,9,14619,EG,11.0
6967,3,Drake - IDGAF,6,3,1,13364,EG,1.0
6968,4,Drake - First Person Shooter,6,3,2,12624,EG,2.0
6969,5,Drake - Virginia Beach,6,2,2,12359,EG,3.0
6970,6,Olivia Rodrigo - vampire,104,1,22,10868,EG,65.0
6971,7,Taylor Swift - Cruel Summer,245,1,13,10731,EG,109.0
6986,22,Dave & Central Cee - Sprinter,132,2,20,6672,EG,66.0
6994,30,Billie Eilish - What Was I Made For,90,2,10,5425,EG,102.0
7003,39,Rema & Selena Gomez - Calm Down,393,2,32,4261,EG,73.0
7012,48,David Kushner - Daylight,181,2,14,3657,EG,169.0
7034,70,SZA - Kill Bill,307,1,3,2487,EG,106.0
7048,84,Travis Scott - MELTDOWN,76,1,3,1860,EG,47.0
7109,145,Travis Scott - FEN,73,2,2,1301,EG,44.0
7164,1,Doja Cat - Paint The Town Red,68,1,45,16920,FI,8.0
7165,2,Tate McRae - greedy,27,2,9,14619,FI,5.0
7166,3,Drake - IDGAF,6,3,1,13364,FI,3.0
7167,4,Drake - First Person Shooter,6,3,2,12624,FI,13.0
7168,5,Drake - Virginia Beach,6,2,2,12359,FI,15.0
7169,6,Olivia Rodrigo - vampire,104,1,22,10868,FI,40.0
7170,7,Taylor Swift - Cruel Summer,245,1,13,10731,FI,36.0
7181,18,Dua Lipa - Dance The Night,139,1,19,7035,FI,29.0
7185,22,Dave & Central Cee - Sprinter,132,2,20,6672,FI,32.0
7193,30,Billie Eilish - What Was I Made For,90,2,10,5425,FI,66.0
7195,32,Miley Cyrus - Flowers,272,1,168,5145,FI,82.0
7196,33,Taylor Swift - Anti-Hero,356,1,50,5108,FI,85.0
7205,42,Harry Styles - As It Was,559,1,177,4017,FI,97.0
7211,48,David Kushner - Daylight,181,2,14,3657,FI,94.0
7212,49,The Weeknd - Blinding Lights,1354,1,114,3624,FI,76.0
7247,84,Travis Scott - MELTDOWN,76,1,3,1860,FI,184.0
7286,123,Nicki Minaj & Ice Spice - Barbie World,110,2,2,1468,FI,165.0
7289,126,Ed Sheeran - Perfect,1982,1,2,1446,FI,158.0
7308,145,Travis Scott - FEN,73,2,2,1301,FI,154.0
7363,1,Doja Cat - Paint The Town Red,68,1,45,16920,GR,10.0
7364,2,Tate McRae - greedy,27,2,9,14619,GR,4.0
7365,3,Drake - IDGAF,6,3,1,13364,GR,5.0
7366,4,Drake - First Person Shooter,6,3,2,12624,GR,9.0
7367,5,Drake - Virginia Beach,6,2,2,12359,GR,15.0
7368,6,Olivia Rodrigo - vampire,104,1,22,10868,GR,60.0
7369,7,Taylor Swift - Cruel Summer,245,1,13,10731,GR,64.0
7380,18,Dua Lipa - Dance The Night,139,1,19,7035,GR,92.0
7384,22,Dave & Central Cee - Sprinter,132,2,20,6672,GR,29.0
7562,1,Doja Cat - Paint The Town Red,68,1,45,16920,HU,12.0
7563,2,Tate McRae - greedy,27,2,9,14619,HU,7.0
7564,3,Drake - IDGAF,6,3,1,13364,HU,16.0
7565,4,Drake - First Person Shooter,6,3,2,12624,HU,48.0
7566,5,Drake - Virginia Beach,6,2,2,12359,HU,52.0
7567,6,Olivia Rodrigo - vampire,104,1,22,10868,HU,55.0
7568,7,Taylor Swift - Cruel Summer,245,1,13,10731,HU,88.0
7579,18,Dua Lipa - Dance The Night,139,1,19,7035,HU,41.0
7583,22,Dave & Central Cee - Sprinter,132,2,20,6672,HU,50.0
7593,32,Miley Cyrus - Flowers,272,1,168,5145,HU,74.0
7609,48,David Kushner - Daylight,181,2,14,3657,HU,78.0
7761,1,Doja Cat - Paint The Town Red,68,1,45,16920,IL,18.0
7762,2,Tate McRae - greedy,27,2,9,14619,IL,8.0
7763,3,Drake - IDGAF,6,3,1,13364,IL,23.0
7764,4,Drake - First Person Shooter,6,3,2,12624,IL,29.0
7765,5,Drake - Virginia Beach,6,2,2,12359,IL,47.0
7766,6,Olivia Rodrigo - vampire,104,1,22,10868,IL,21.0
7782,22,Dave & Central Cee - Sprinter,132,2,20,6672,IL,42.0
7960,1,Doja Cat - Paint The Town Red,68,1,45,16920,KE,73.0
7962,3,Drake - IDGAF,6,3,1,13364,KE,2.0
7963,4,Drake - First Person Shooter,6,3,2,12624,KE,1.0
7964,5,Drake - Virginia Beach,6,2,2,12359,KE,5.0
7981,22,Dave & Central Cee - Sprinter,132,2,20,6672,KE,38.0
8043,84,Travis Scott - MELTDOWN,76,1,3,1860,KE,59.0
8104,145,Travis Scott - FEN,73,2,2,1301,KE,76.0
8144,185,Chris Brown - Under the Influence,432,2,17,1110,KE,61.0
8159,1,Doja Cat - Paint The Town Red,68,1,45,16920,KZ,2.0
8160,2,Tate McRae - greedy,27,2,9,14619,KZ,3.0
8161,3,Drake - IDGAF,6,3,1,13364,KZ,27.0
8162,4,Drake - First Person Shooter,6,3,2,12624,KZ,72.0
8358,1,Doja Cat - Paint The Town Red,68,1,45,16920,LB,23.0
8359,2,Tate McRae - greedy,27,2,9,14619,LB,4.0
8360,3,Drake - IDGAF,6,3,1,13364,LB,2.0
8361,4,Drake - First Person Shooter,6,3,2,12624,LB,1.0
8362,5,Drake - Virginia Beach,6,2,2,12359,LB,3.0
8363,6,Olivia Rodrigo - vampire,104,1,22,10868,LB,20.0
8364,7,Taylor Swift - Cruel Summer,245,1,13,10731,LB,31.0
8375,18,Dua Lipa - Dance The Night,139,1,19,7035,LB,64.0
8379,22,Dave & Central Cee - Sprinter,132,2,20,6672,LB,24.0
8387,30,Billie Eilish - What Was I Made For,90,2,10,5425,LB,40.0
8389,32,Miley Cyrus - Flowers,272,1,168,5145,LB,45.0
8396,39,Rema & Selena Gomez - Calm Down,393,2,32,4261,LB,30.0
8399,42,Harry Styles - As It Was,559,1,177,4017,LB,78.0
8405,48,David Kushner - Daylight,181,2,14,3657,LB,48.0
8406,49,The Weeknd - Blinding Lights,1354,1,114,3624,LB,55.0
8427,70,SZA - Kill Bill,307,1,3,2487,LB,42.0
8441,84,Travis Scott - MELTDOWN,76,1,3,1860,LB,60.0
8557,1,Doja Cat - Paint The Town Red,68,1,45,16920,LT,4.0
8558,2,Tate McRae - greedy,27,2,9,14619,LT,1.0
8559,3,Drake - IDGAF,6,3,1,13364,LT,2.0
8560,4,Drake - First Person Shooter,6,3,2,12624,LT,9.0
8561,5,Drake - Virginia Beach,6,2,2,12359,LT,27.0
8562,6,Olivia Rodrigo - vampire,104,1,22,10868,LT,13.0
8563,7,Taylor Swift - Cruel Summer,245,1,13,10731,LT,12.0
8574,18,Dua Lipa - Dance The Night,139,1,19,7035,LT,24.0
8578,22,Dave & Central Cee - Sprinter,132,2,20,6672,LT,26.0
8586,30,Billie Eilish - What Was I Made For,90,2,10,5425,LT,43.0
8588,32,Miley Cyrus - Flowers,272,1,168,5145,LT,41.0
8589,33,Taylor Swift - Anti-Hero,356,1,50,5108,LT,84.0
8595,39,Rema & Selena Gomez - Calm Down,393,2,32,4261,LT,62.0
8598,42,Harry Styles - As It Was,559,1,177,4017,LT,30.0
8604,48,David Kushner - Daylight,181,2,14,3657,LT,35.0
8605,49,The Weeknd - Blinding Lights,1354,1,114,3624,LT,47.0
8626,70,SZA - Kill Bill,307,1,3,2487,LT,52.0
8640,84,Travis Scott - MELTDOWN,76,1,3,1860,LT,92.0
8679,123,Nicki Minaj & Ice Spice - Barbie World,110,2,2,1468,LT,82.0
8701,145,Travis Scott - FEN,73,2,2,1301,LT,88.0
8756,1,Doja Cat - Paint The Town Red,68,1,45,16920,LU,5.0
8757,2,Tate McRae - greedy,27,2,9,14619,LU,3.0
8758,3,Drake - IDGAF,6,3,1,13364,LU,2.0
8759,4,Drake - First Person Shooter,6,3,2,12624,LU,7.0
8760,5,Drake - Virginia Beach,6,2,2,12359,LU,6.0
8761,6,Olivia Rodrigo - vampire,104,1,22,10868,LU,16.0
8762,7,Taylor Swift - Cruel Summer,245,1,13,10731,LU,56.0
8773,18,Dua Lipa - Dance The Night,139,1,19,7035,LU,22.0
8777,22,Dave & Central Cee - Sprinter,132,2,20,6672,LU,9.0
8785,30,Billie Eilish - What Was I Made For,90,2,10,5425,LU,26.0
8787,32,Miley Cyrus - Flowers,272,1,168,5145,LU,27.0
8788,33,Taylor Swift - Anti-Hero,356,1,50,5108,LU,45.0
8794,39,Rema & Selena Gomez - Calm Down,393,2,32,4261,LU,67.0
8797,42,Harry Styles - As It Was,559,1,177,4017,LU,54.0
8803,48,David Kushner - Daylight,181,2,14,3657,LU,15.0
8804,49,The Weeknd - Blinding Lights,1354,1,114,3624,LU,64.0
8842,87,OneRepublic - I Ain't Worried,492,2,27,1833,LU,93.0
8878,123,Nicki Minaj & Ice Spice - Barbie World,110,2,2,1468,LU,85.0
8900,145,Travis Scott - FEN,73,2,2,1301,LU,66.0
8923,168,Glass Animals - Heat Waves,1029,2,13,1177,LU,97.0
8953,198,Elton John & Dua Lipa - Cold Heart,787,1,41,1056,LU,92.0
8955,1,Doja Cat - Paint The Town Red,68,1,45,16920,MY,4.0
8956,2,Tate McRae - greedy,27,2,9,14619,MY,2.0
8957,3,Drake - IDGAF,6,3,1,13364,MY,194.0
8958,4,Drake - First Person Shooter,6,3,2,12624,MY,126.0
8959,5,Drake - Virginia Beach,6,2,2,12359,MY,151.0
8960,6,Olivia Rodrigo - vampire,104,1,22,10868,MY,5.0
8961,7,Taylor Swift - Cruel Summer,245,1,13,10731,MY,8.0
8972,18,Dua Lipa - Dance The Night,139,1,19,7035,MY,56.0
8976,22,Dave & Central Cee - Sprinter,132,2,20,6672,MY,190.0
8984,30,Billie Eilish - What Was I Made For,90,2,10,5425,MY,13.0
8986,32,Miley Cyrus - Flowers,272,1,168,5145,MY,71.0
8987,33,Taylor Swift - Anti-Hero,356,1,50,5108,MY,55.0
8993,39,Rema & Selena Gomez - Calm Down,393,2,32,4261,MY,25.0
8996,42,Harry Styles - As It Was,559,1,177,4017,MY,51.0
9003,49,The Weeknd - Blinding Lights,1354,1,114,3624,MY,67.0
9016,62,Taylor Swift - Lover,412,3,13,2739,MY,45.0
9024,70,SZA - Kill Bill,307,1,3,2487,MY,18.0
9041,87,OneRepublic - I Ain't Worried,492,2,27,1833,MY,117.0
9065,111,Post Malone & Swae Lee - Sunflower,1087,3,19,1544,MY,109.0
9080,126,Ed Sheeran - Perfect,1982,1,2,1446,MY,47.0
9139,185,Chris Brown - Under the Influence,432,2,17,1110,MY,81.0
9156,3,Drake - IDGAF,6,3,1,13364,NG,95.0
9157,4,Drake - First Person Shooter,6,3,2,12624,NG,70.0
9158,5,Drake - Virginia Beach,6,2,2,12359,NG,88.0
9175,22,Dave & Central Cee - Sprinter,132,2,20,6672,NG,82.0
9338,185,Chris Brown - Under the Influence,432,2,17,1110,NG,200.0
9353,1,Doja Cat - Paint The Town Red,68,1,45,16920,NO,3.0
9354,2,Tate McRae - greedy,27,2,9,14619,NO,1.0
9355,3,Drake - IDGAF,6,3,1,13364,NO,7.0
9356,4,Drake - First Person Shooter,6,3,2,12624,NO,5.0
9357,5,Drake - Virginia Beach,6,2,2,12359,NO,8.0
9358,6,Olivia Rodrigo - vampire,104,1,22,10868,NO,9.0
9359,7,Taylor Swift - Cruel Summer,245,1,13,10731,NO,19.0
9370,18,Dua Lipa - Dance The Night,139,1,19,7035,NO,11.0
9374,22,Dave & Central Cee - Sprinter,132,2,20,6672,NO,16.0
9382,30,Billie Eilish - What Was I Made For,90,2,10,5425,NO,13.0
9384,32,Miley Cyrus - Flowers,272,1,168,5145,NO,30.0
9385,33,Taylor Swift - Anti-Hero,356,1,50,5108,NO,53.0
9391,39,Rema & Selena Gomez - Calm Down,393,2,32,4261,NO,74.0
9394,42,Harry Styles - As It Was,559,1,177,4017,NO,50.0
9400,48,David Kushner - Daylight,181,2,14,3657,NO,24.0
9401,49,The Weeknd - Blinding Lights,1354,1,114,3624,NO,26.0
9414,62,Taylor Swift - Lover,412,3,13,2739,NO,83.0
9422,70,SZA - Kill Bill,307,1,3,2487,NO,115.0
9439,87,OneRepublic - I Ain't Worried,492,2,27,1833,NO,124.0
9463,111,Post Malone & Swae Lee - Sunflower,1087,3,19,1544,NO,135.0
9475,123,Nicki Minaj & Ice Spice - Barbie World,110,2,2,1468,NO,84.0
9478,126,Ed Sheeran - Perfect,1982,1,2,1446,NO,43.0
9550,198,Elton John & Dua Lipa - Cold Heart,787,1,41,1056,NO,172.0
9552,1,Doja Cat - Paint The Town Red,68,1,45,16920,PE,133.0
9553,2,Tate McRae - greedy,27,2,9,14619,PE,152.0
9557,6,Olivia Rodrigo - vampire,104,1,22,10868,PE,108.0
9558,7,Taylor Swift - Cruel Summer,245,1,13,10731,PE,96.0
9593,42,Harry Styles - As It Was,559,1,177,4017,PE,130.0
9613,62,Taylor Swift - Lover,412,3,13,2739,PE,160.0
9751,1,Doja Cat - Paint The Town Red,68,1,45,16920,PH,6.0
9752,2,Tate McRae - greedy,27,2,9,14619,PH,7.0
9754,4,Drake - First Person Shooter,6,3,2,12624,PH,103.0
9755,5,Drake - Virginia Beach,6,2,2,12359,PH,98.0
9756,6,Olivia Rodrigo - vampire,104,1,22,10868,PH,10.0
9757,7,Taylor Swift - Cruel Summer,245,1,13,10731,PH,2.0
9768,18,Dua Lipa - Dance The Night,139,1,19,7035,PH,88.0
9780,30,Billie Eilish - What Was I Made For,90,2,10,5425,PH,20.0
9782,32,Miley Cyrus - Flowers,272,1,168,5145,PH,140.0
9783,33,Taylor Swift - Anti-Hero,356,1,50,5108,PH,16.0
9789,39,Rema & Selena Gomez - Calm Down,393,2,32,4261,PH,110.0
9792,42,Harry Styles - As It Was,559,1,177,4017,PH,85.0
9812,62,Taylor Swift - Lover,412,3,13,2739,PH,12.0
9820,70,SZA - Kill Bill,307,1,3,2487,PH,54.0
9861,111,Post Malone & Swae Lee - Sunflower,1087,3,19,1544,PH,167.0
9876,126,Ed Sheeran - Perfect,1982,1,2,1446,PH,178.0
9935,185,Chris Brown - Under the Influence,432,2,17,1110,PH,61.0
9950,1,Doja Cat - Paint The Town Red,68,1,45,16920,PL,2.0
9951,2,Tate McRae - greedy,27,2,9,14619,PL,1.0
9952,3,Drake - IDGAF,6,3,1,13364,PL,6.0
9953,4,Drake - First Person Shooter,6,3,2,12624,PL,34.0
9954,5,Drake - Virginia Beach,6,2,2,12359,PL,39.0
9955,6,Olivia Rodrigo - vampire,104,1,22,10868,PL,48.0
9956,7,Taylor Swift - Cruel Summer,245,1,13,10731,PL,51.0
9967,18,Dua Lipa - Dance The Night,139,1,19,7035,PL,23.0
9971,22,Dave & Central Cee - Sprinter,132,2,20,6672,PL,56.0
9979,30,Billie Eilish - What Was I Made For,90,2,10,5425,PL,67.0
9981,32,Miley Cyrus - Flowers,272,1,168,5145,PL,38.0
9982,33,Taylor Swift - Anti-Hero,356,1,50,5108,PL,110.0
9988,39,Rema & Selena Gomez - Calm Down,393,2,32,4261,PL,97.0
9991,42,Harry Styles - As It Was,559,1,177,4017,PL,47.0
9997,48,David Kushner - Daylight,181,2,14,3657,PL,28.0
9998,49,The Weeknd - Blinding Lights,1354,1,114,3624,PL,53.0
10033,84,Travis Scott - MELTDOWN,76,1,3,1860,PL,93.0
10036,87,OneRepublic - I Ain't Worried,492,2,27,1833,PL,65.0
10072,123,Nicki Minaj & Ice Spice - Barbie World,110,2,2,1468,PL,105.0
10075,126,Ed Sheeran - Perfect,1982,1,2,1446,PL,142.0
10094,145,Travis Scott - FEN,73,2,2,1301,PL,66.0
10117,168,Glass Animals - Heat Waves,1029,2,13,1177,PL,155.0
10147,198,Elton John & Dua Lipa - Cold Heart,787,1,41,1056,PL,157.0
10149,1,Doja Cat - Paint The Town Red,68,1,45,16920,PT,23.0
10150,2,Tate McRae - greedy,27,2,9,14619,PT,6.0
10151,3,Drake - IDGAF,6,3,1,13364,PT,3.0
10152,4,Drake - First Person Shooter,6,3,2,12624,PT,4.0
10153,5,Drake - Virginia Beach,6,2,2,12359,PT,2.0
10154,6,Olivia Rodrigo - vampire,104,1,22,10868,PT,28.0
10155,7,Taylor Swift - Cruel Summer,245,1,13,10731,PT,60.0
10166,18,Dua Lipa - Dance The Night,139,1,19,7035,PT,76.0
10170,22,Dave & Central Cee - Sprinter,132,2,20,6672,PT,24.0
10178,30,Billie Eilish - What Was I Made For,90,2,10,5425,PT,40.0
10180,32,Miley Cyrus - Flowers,272,1,168,5145,PT,74.0
10190,42,Harry Styles - As It Was,559,1,177,4017,PT,69.0
10197,49,The Weeknd - Blinding Lights,1354,1,114,3624,PT,99.0
10232,84,Travis Scott - MELTDOWN,76,1,3,1860,PT,65.0
10293,145,Travis Scott - FEN,73,2,2,1301,PT,94.0
10348,1,Doja Cat - Paint The Town Red,68,1,45,16920,RO,13.0
10349,2,Tate McRae - greedy,27,2,9,14619,RO,4.0
10350,3,Drake - IDGAF,6,3,1,13364,RO,1.0
10351,4,Drake - First Person Shooter,6,3,2,12624,RO,5.0
10352,5,Drake - Virginia Beach,6,2,2,12359,RO,6.0
10353,6,Olivia Rodrigo - vampire,104,1,22,10868,RO,90.0
10354,7,Taylor Swift - Cruel Summer,245,1,13,10731,RO,157.0
10369,22,Dave & Central Cee - Sprinter,132,2,20,6672,RO,91.0
10431,84,Travis Scott - MELTDOWN,76,1,3,1860,RO,52.0
10492,145,Travis Scott - FEN,73,2,2,1301,RO,18.0
10547,1,Doja Cat - Paint The Town Red,68,1,45,16920,SA,14.0
10548,2,Tate McRae - greedy,27,2,9,14619,SA,4.0
10549,3,Drake - IDGAF,6,3,1,13364,SA,3.0
10550,4,Drake - First Person Shooter,6,3,2,12624,SA,1.0
10551,5,Drake - Virginia Beach,6,2,2,12359,SA,2.0
10552,6,Olivia Rodrigo - vampire,104,1,22,10868,SA,26.0
10553,7,Taylor Swift - Cruel Summer,245,1,13,10731,SA,22.0
10564,18,Dua Lipa - Dance The Night,139,1,19,7035,SA,80.0
10568,22,Dave & Central Cee - Sprinter,132,2,20,6672,SA,49.0
10576,30,Billie Eilish - What Was I Made For,90,2,10,5425,SA,55.0
10579,33,Taylor Swift - Anti-Hero,356,1,50,5108,SA,75.0
10585,39,Rema & Selena Gomez - Calm Down,393,2,32,4261,SA,40.0
10588,42,Harry Styles - As It Was,559,1,177,4017,SA,72.0
10594,48,David Kushner - Daylight,181,2,14,3657,SA,91.0
10595,49,The Weeknd - Blinding Lights,1354,1,114,3624,SA,52.0
10608,62,Taylor Swift - Lover,412,3,13,2739,SA,77.0
10616,70,SZA - Kill Bill,307,1,3,2487,SA,35.0
10630,84,Travis Scott - MELTDOWN,76,1,3,1860,SA,45.0
10672,126,Ed Sheeran - Perfect,1982,1,2,1446,SA,88.0
10691,145,Travis Scott - FEN,73,2,2,1301,SA,73.0
10731,185,Chris Brown - Under the Influence,432,2,17,1110,SA,64.0
10746,1,Doja Cat - Paint The Town Red,68,1,45,16920,SE,6.0
10747,2,Tate McRae - greedy,27,2,9,14619,SE,7.0
10748,3,Drake - IDGAF,6,3,1,13364,SE,4.0
10749,4,Drake - First Person Shooter,6,3,2,12624,SE,3.0
10750,5,Drake - Virginia Beach,6,2,2,12359,SE,2.0
10751,6,Olivia Rodrigo - vampire,104,1,22,10868,SE,12.0
10752,7,Taylor Swift - Cruel Summer,245,1,13,10731,SE,15.0
10763,18,Dua Lipa - Dance The Night,139,1,19,7035,SE,27.0
10767,22,Dave & Central Cee - Sprinter,132,2,20,6672,SE,10.0
10775,30,Billie Eilish - What Was I Made For,90,2,10,5425,SE,26.0
10777,32,Miley Cyrus - Flowers,272,1,168,5145,SE,41.0
10778,33,Taylor Swift - Anti-Hero,356,1,50,5108,SE,37.0
10784,39,Rema & Selena Gomez - Calm Down,393,2,32,4261,SE,58.0
10787,42,Harry Styles - As It Was,559,1,177,4017,SE,65.0
10793,48,David Kushner - Daylight,181,2,14,3657,SE,92.0
10794,49,The Weeknd - Blinding Lights,1354,1,114,3624,SE,51.0
10807,62,Taylor Swift - Lover,412,3,13,2739,SE,164.0
10815,70,SZA - Kill Bill,307,1,3,2487,SE,100.0
10829,84,Travis Scott - MELTDOWN,76,1,3,1860,SE,184.0
10856,111,Post Malone & Swae Lee - Sunflower,1087,3,19,1544,SE,193.0
10868,123,Nicki Minaj & Ice Spice - Barbie World,110,2,2,1468,SE,107.0
10871,126,Ed Sheeran - Perfect,1982,1,2,1446,SE,76.0
10945,1,Doja Cat - Paint The Town Red,68,1,45,16920,SI,15.0
10946,2,Tate McRae - greedy,27,2,9,14619,SI,1.0
10947,3,Drake - IDGAF,6,3,1,13364,SI,2.0
10948,4,Drake - First Person Shooter,6,3,2,12624,SI,11.0
10949,5,Drake - Virginia Beach,6,2,2,12359,SI,13.0
10950,6,Olivia Rodrigo - vampire,104,1,22,10868,SI,24.0
10951,7,Taylor Swift - Cruel Summer,245,1,13,10731,SI,29.0
10962,18,Dua Lipa - Dance The Night,139,1,19,7035,SI,87.0
10966,22,Dave & Central Cee - Sprinter,132,2,20,6672,SI,37.0
11144,1,Doja Cat - Paint The Town Red,68,1,45,16920,SG,5.0
11145,2,Tate McRae - greedy,27,2,9,14619,SG,2.0
11146,3,Drake - IDGAF,6,3,1,13364,SG,54.0
11147,4,Drake - First Person Shooter,6,3,2,12624,SG,49.0
11148,5,Drake - Virginia Beach,6,2,2,12359,SG,61.0
11149,6,Olivia Rodrigo - vampire,104,1,22,10868,SG,7.0
11150,7,Taylor Swift - Cruel Summer,245,1,13,10731,SG,4.0
11161,18,Dua Lipa - Dance The Night,139,1,19,7035,SG,13.0
11173,30,Billie Eilish - What Was I Made For,90,2,10,5425,SG,11.0
11175,32,Miley Cyrus - Flowers,272,1,168,5145,SG,35.0
11176,33,Taylor Swift - Anti-Hero,356,1,50,5108,SG,16.0
11182,39,Rema & Selena Gomez - Calm Down,393,2,32,4261,SG,21.0
11185,42,Harry Styles - As It Was,559,1,177,4017,SG,30.0
11192,49,The Weeknd - Blinding Lights,1354,1,114,3624,SG,47.0
11205,62,Taylor Swift - Lover,412,3,13,2739,SG,28.0
11213,70,SZA - Kill Bill,307,1,3,2487,SG,57.0
11230,87,OneRepublic - I Ain't Worried,492,2,27,1833,SG,44.0
11254,111,Post Malone & Swae Lee - Sunflower,1087,3,19,1544,SG,51.0
11269,126,Ed Sheeran - Perfect,1982,1,2,1446,SG,24.0
11343,1,Doja Cat - Paint The Town Red,68,1,45,16920,SK,1.0
11344,2,Tate McRae - greedy,27,2,9,14619,SK,2.0
11345,3,Drake - IDGAF,6,3,1,13364,SK,6.0
11346,4,Drake - First Person Shooter,6,3,2,12624,SK,16.0
11347,5,Drake - Virginia Beach,6,2,2,12359,SK,15.0
11348,6,Olivia Rodrigo - vampire,104,1,22,10868,SK,38.0
11349,7,Taylor Swift - Cruel Summer,245,1,13,10731,SK,40.0
11360,18,Dua Lipa - Dance The Night,139,1,19,7035,SK,39.0
11364,22,Dave & Central Cee - Sprinter,132,2,20,6672,SK,24.0
11374,32,Miley Cyrus - Flowers,272,1,168,5145,SK,54.0
11381,39,Rema & Selena Gomez - Calm Down,393,2,32,4261,SK,70.0
11390,48,David Kushner - Daylight,181,2,14,3657,SK,62.0
11391,49,The Weeknd - Blinding Lights,1354,1,114,3624,SK,76.0
11426,84,Travis Scott - MELTDOWN,76,1,3,1860,SK,100.0
11487,145,Travis Scott - FEN,73,2,2,1301,SK,49.0
11542,1,Doja Cat - Paint The Town Red,68,1,45,16920,UA,2.0
11543,2,Tate McRae - greedy,27,2,9,14619,UA,1.0
11544,3,Drake - IDGAF,6,3,1,13364,UA,50.0
11573,32,Miley Cyrus - Flowers,272,1,168,5145,UA,70.0
11589,48,David Kushner - Daylight,181,2,14,3657,UA,45.0
11590,49,The Weeknd - Blinding Lights,1354,1,114,3624,UA,97.0
11741,1,Doja Cat - Paint The Town Red,68,1,45,16920,VN,13.0
11742,2,Tate McRae - greedy,27,2,9,14619,VN,27.0
11746,6,Olivia Rodrigo - vampire,104,1,22,10868,VN,52.0
11747,7,Taylor Swift - Cruel Summer,245,1,13,10731,VN,28.0
11770,30,Billie Eilish - What Was I Made For,90,2,10,5425,VN,166.0
11773,33,Taylor Swift - Anti-Hero,356,1,50,5108,VN,146.0
11802,62,Taylor Swift - Lover,412,3,13,2739,VN,116.0
11810,70,SZA - Kill Bill,307,1,3,2487,VN,104.0
