"","artist_name","Valence","danceability","energy","loudness","speechiness","acousticness","liveness","tempo","track_name","album_name","album_release_year"
"1","Doja Cat","0.726","0.864","0.556","-7.683","0.1940","0.255000","0.1120"," 99.974","Paint The Town Red","Scarlet","2023"
"2","Doja Cat","0.313","0.831","0.362","-6.085","0.2290","0.000156","0.1680","139.941","Demons","Scarlet","2023"
"3","Doja Cat","0.192","0.804","0.656","-5.723","0.0896","0.020700","0.1070","150.014","Wet Vagina","Scarlet","2023"
"4","Doja Cat","0.643","0.764","0.720","-6.494","0.2730","0.196000","0.1110"," 91.337","Fuck The Girls (FTG)","Scarlet","2023"
"5","Doja Cat","0.794","0.854","0.808","-5.958","0.1390","0.019400","0.1080","110.203","Ouchies","Scarlet","2023"
"6","Doja Cat","0.864","0.564","0.796","-2.652","0.3510","0.184000","0.1470","153.586","97","Scarlet","2023"
"7","Doja Cat","0.805","0.885","0.576","-7.170","0.2380","0.069500","0.0993"," 76.004","Gun","Scarlet","2023"
"8","Doja Cat","0.552","0.933","0.533","-8.000","0.0585","0.027000","0.1180","140.991","Go Off","Scarlet","2023"
"9","Doja Cat","0.409","0.763","0.441","-9.043","0.1100","0.034300","0.1320","145.926","Shutcho","Scarlet","2023"
"10","Doja Cat","0.392","0.750","0.674","-6.128","0.0970","0.228000","0.1220","123.026","Agora Hills","Scarlet","2023"
"11","Doja Cat","0.815","0.472","0.790","-4.337","0.3220","0.286000","0.0636"," 77.908","Can't Wait","Scarlet","2023"
"12","Doja Cat","0.593","0.509","0.638","-5.516","0.4750","0.554000","0.1100","171.817","Often","Scarlet","2023"
"13","Doja Cat","0.649","0.597","0.622","-9.593","0.3430","0.616000","0.1210"," 82.361","Love Life","Scarlet","2023"
"14","Doja Cat","0.501","0.632","0.706","-6.127","0.0987","0.106000","0.1430"," 85.000","Skull And Bones","Scarlet","2023"
"15","Doja Cat","0.395","0.758","0.587","-6.932","0.2440","0.130000","0.1090"," 87.997","Attention","Scarlet","2023"
"16","Doja Cat","0.377","0.778","0.626","-4.329","0.1610","0.183000","0.1770","148.022","Balut","Scarlet","2023"
"17","Doja Cat","0.375","0.895","0.486","-5.937","0.2730","0.004490","0.1190","144.064","WYM Freestyle","Scarlet","2023"
"18","Doja Cat","0.881","0.824","0.764","-4.175","0.0854","0.088800","0.1170","107.998","Woman","Planet Her (Deluxe)","2021"
"19","Doja Cat","0.536","0.733","0.862","-5.736","0.1970","0.374000","0.1310","111.076","Naked","Planet Her (Deluxe)","2021"
"20","Doja Cat","0.558","0.619","0.707","-5.791","0.0499","0.036600","0.1300","168.995","Payday (feat. Young Thug)","Planet Her (Deluxe)","2021"
"21","Doja Cat","0.793","0.912","0.655","-6.029","0.1620","0.315000","0.0894"," 91.942","Get Into It (Yuh)","Planet Her (Deluxe)","2021"
"22","Doja Cat","0.194","0.664","0.609","-6.509","0.0707","0.304000","0.0926","130.041","Need to Know","Planet Her (Deluxe)","2021"
"23","Doja Cat","0.450","0.683","0.615","-5.737","0.0966","0.222000","0.1540"," 77.014","I Don't Do Drugs (feat. Ariana Grande)","Planet Her (Deluxe)","2021"
"24","Doja Cat","0.529","0.734","0.450","-7.075","0.0824","0.597000","0.0964","135.067","Love To Dream","Planet Her (Deluxe)","2021"
"25","Doja Cat","0.436","0.828","0.621","-6.414","0.0565","0.016400","0.0845","128.986","You Right","Planet Her (Deluxe)","2021"
"26","Doja Cat","0.176","0.678","0.531","-5.029","0.0374","0.126000","0.3770"," 99.008","Been Like This","Planet Her (Deluxe)","2021"
"27","Doja Cat","0.285","0.842","0.522","-7.844","0.0985","0.293000","0.1070","132.986","Options (feat. JID)","Planet Her (Deluxe)","2021"
"28","Doja Cat","0.619","0.855","0.488","-4.601","0.2080","0.506000","0.3470","124.097","Ain't Shit","Planet Her (Deluxe)","2021"
"29","Doja Cat","0.698","0.820","0.656","-5.537","0.0399","0.209000","0.1240","143.059","Imagine","Planet Her (Deluxe)","2021"
"30","Doja Cat","0.746","0.691","0.656","-5.864","0.1720","0.543000","0.0950","169.973","Alone","Planet Her (Deluxe)","2021"
"31","Doja Cat","0.781","0.764","0.705","-3.463","0.0284","0.259000","0.1200","110.970","Kiss Me More (feat. SZA)","Planet Her (Deluxe)","2021"
"32","Doja Cat","0.502","0.837","0.567","-6.709","0.0649","0.015800","0.1180","129.001","You Right - Extended","Planet Her (Deluxe)","2021"
"33","Doja Cat","0.670","0.829","0.761","-4.882","0.1170","0.186000","0.0705"," 74.979","Up And Down","Planet Her (Deluxe)","2021"
"34","Doja Cat","0.866","0.779","0.558","-5.523","0.2590","0.041700","0.0727"," 91.933","Tonight (feat. Eve)","Planet Her (Deluxe)","2021"
"35","Doja Cat","0.828","0.722","0.592","-6.718","0.3830","0.224000","0.0714","199.719","Ride","Planet Her (Deluxe)","2021"
"36","Doja Cat","0.476","0.592","0.635","-5.351","0.0971","0.212000","0.3050","155.907","Why Why (feat. Gunna)","Planet Her (Deluxe)","2021"
"37","Doja Cat","0.881","0.824","0.764","-4.175","0.0854","0.088800","0.1170","107.998","Woman","Planet Her","2021"
"38","Doja Cat","0.536","0.733","0.862","-5.736","0.1970","0.374000","0.1310","111.076","Naked","Planet Her","2021"
"39","Doja Cat","0.558","0.619","0.707","-5.791","0.0499","0.036600","0.1300","168.995","Payday (feat. Young Thug)","Planet Her","2021"
"40","Doja Cat","0.793","0.912","0.655","-6.029","0.1620","0.315000","0.0894"," 91.942","Get Into It (Yuh)","Planet Her","2021"
"41","Doja Cat","0.194","0.664","0.609","-6.509","0.0707","0.304000","0.0926","130.041","Need to Know","Planet Her","2021"
"42","Doja Cat","0.450","0.683","0.615","-5.737","0.0966","0.222000","0.1540"," 77.014","I Don't Do Drugs (feat. Ariana Grande)","Planet Her","2021"
"43","Doja Cat","0.529","0.734","0.450","-7.075","0.0824","0.597000","0.0964","135.067","Love To Dream","Planet Her","2021"
"44","Doja Cat","0.436","0.828","0.621","-6.414","0.0565","0.016400","0.0845","128.986","You Right","Planet Her","2021"
"45","Doja Cat","0.176","0.678","0.531","-5.029","0.0374","0.126000","0.3770"," 99.008","Been Like This","Planet Her","2021"
"46","Doja Cat","0.285","0.842","0.522","-7.844","0.0985","0.293000","0.1070","132.986","Options (feat. JID)","Planet Her","2021"
"47","Doja Cat","0.619","0.855","0.488","-4.601","0.2080","0.506000","0.3470","124.097","Ain't Shit","Planet Her","2021"
"48","Doja Cat","0.698","0.820","0.656","-5.537","0.0399","0.209000","0.1240","143.059","Imagine","Planet Her","2021"
"49","Doja Cat","0.746","0.691","0.656","-5.864","0.1720","0.543000","0.0950","169.973","Alone","Planet Her","2021"
"50","Doja Cat","0.781","0.764","0.705","-3.463","0.0284","0.259000","0.1200","110.970","Kiss Me More (feat. SZA)","Planet Her","2021"
"51","Doja Cat","0.818","0.917","0.657","-5.716","0.0921","0.318000","0.0754","131.030","Cyber Sex","Hot Pink","2019"
"52","Doja Cat","0.592","0.807","0.783","-3.115","0.0964","0.351000","0.1400","127.996","Won't Bite (feat. Smino)","Hot Pink","2019"
"53","Doja Cat","0.686","0.651","0.724","-5.457","0.1660","0.172000","0.1300","144.146","Rules","Hot Pink","2019"
"54","Doja Cat","0.484","0.695","0.825","-2.891","0.0359","0.002650","0.0723","160.028","Bottom Bitch","Hot Pink","2019"
"55","Doja Cat","0.779","0.787","0.673","-4.583","0.1590","0.264000","0.0904","110.962","Say So","Hot Pink","2019"
"56","Doja Cat","0.405","0.879","0.498","-6.027","0.1800","0.239000","0.0967","106.044","Like That (feat. Gucci Mane)","Hot Pink","2019"
"57","Doja Cat","0.403","0.603","0.741","-5.580","0.1200","0.276000","0.1040","168.006","Talk Dirty","Hot Pink","2019"
"58","Doja Cat","0.548","0.775","0.708","-6.073","0.1660","0.009930","0.1280"," 90.005","Addiction","Hot Pink","2019"
"59","Doja Cat","0.189","0.749","0.463","-8.433","0.0842","0.210000","0.3380"," 90.035","Streets","Hot Pink","2019"
"60","Doja Cat","0.289","0.559","0.630","-6.075","0.2460","0.421000","0.1020","107.627","Shine","Hot Pink","2019"
"61","Doja Cat","0.509","0.674","0.759","-5.379","0.0376","0.294000","0.1160","129.926","Better Than Me","Hot Pink","2019"
"62","Doja Cat","0.484","0.785","0.652","-2.607","0.0668","0.102000","0.0697","170.024","Juicy","Hot Pink","2019"
"63","Doja Cat","0.700","0.710","0.710","-2.474","0.0579","0.071600","0.2060","169.944","Go To Town","Amala (Deluxe Version)","2019"
"64","Doja Cat","0.466","0.722","0.864","-3.317","0.1070","0.003240","0.1640","148.025","Cookie Jar","Amala (Deluxe Version)","2019"
"65","Doja Cat","0.125","0.664","0.637","-5.593","0.0283","0.004340","0.1990","121.975","Roll With Us","Amala (Deluxe Version)","2019"
"66","Doja Cat","0.138","0.797","0.444","-7.738","0.0411","0.304000","0.1070"," 95.035","Wine Pon You (feat. Konshens)","Amala (Deluxe Version)","2019"
"67","Doja Cat","0.153","0.747","0.734","-5.781","0.0361","0.072600","0.1310","110.978","Fancy","Amala (Deluxe Version)","2019"
"68","Doja Cat","0.379","0.713","0.675","-6.519","0.0654","0.251000","0.1170","120.048","Wild Beach","Amala (Deluxe Version)","2019"
"69","Doja Cat","0.146","0.594","0.504","-8.182","0.0254","0.033900","0.1960","139.932","Morning Light","Amala (Deluxe Version)","2019"
"70","Doja Cat","0.209","0.689","0.516","-5.857","0.0444","0.513000","0.1680","124.876","Candy","Amala (Deluxe Version)","2019"
"71","Doja Cat","0.595","0.750","0.783","-5.612","0.0524","0.001580","0.1430","120.016","Game","Amala (Deluxe Version)","2019"
"72","Doja Cat","0.323","0.653","0.632","-6.866","0.0993","0.082700","0.0669","128.020","Casual","Amala (Deluxe Version)","2019"
"73","Doja Cat","0.442","0.556","0.745","-6.409","0.1690","0.001840","0.3670","141.252","Down Low","Amala (Deluxe Version)","2019"
"74","Doja Cat","0.691","0.717","0.468","-7.077","0.0525","0.277000","0.1120"," 96.470","Body Language","Amala (Deluxe Version)","2019"
"75","Doja Cat","0.197","0.797","0.556","-7.080","0.1680","0.183000","0.0795","130.070","All Nighter","Amala (Deluxe Version)","2019"
"76","Doja Cat","0.428","0.770","0.697","-2.644","0.0607","0.081700","0.0663","170.084","Juicy","Amala (Deluxe Version)","2019"
"77","Doja Cat","0.421","0.822","0.654","-4.623","0.1320","0.019000","0.2330","119.884","Tia Tamera (feat. Rico Nasty)","Amala (Deluxe Version)","2019"
"78","Doja Cat","0.509","0.869","0.532","-7.186","0.2300","0.517000","0.1030"," 89.004","MOOO!","Amala (Deluxe Version)","2019"
"79","Doja Cat","0.700","0.710","0.710","-2.474","0.0579","0.071600","0.2060","169.944","Go To Town","Amala","2018"
"80","Doja Cat","0.466","0.722","0.864","-3.317","0.1070","0.003240","0.1640","148.025","Cookie Jar","Amala","2018"
"81","Doja Cat","0.125","0.664","0.637","-5.593","0.0283","0.004340","0.1990","121.975","Roll With Us","Amala","2018"
"82","Doja Cat","0.138","0.797","0.444","-7.738","0.0411","0.304000","0.1070"," 95.035","Wine Pon You (feat. Konshens)","Amala","2018"
"83","Doja Cat","0.148","0.739","0.737","-5.780","0.0375","0.063700","0.4830","110.976","Fancy","Amala","2018"
"84","Doja Cat","0.355","0.715","0.675","-6.669","0.0859","0.249000","0.1150","120.042","Wild Beach","Amala","2018"
"85","Doja Cat","0.139","0.593","0.505","-8.169","0.0257","0.032900","0.1940","139.941","Morning Light","Amala","2018"
"86","Doja Cat","0.209","0.689","0.516","-5.857","0.0444","0.513000","0.1630","124.876","Candy","Amala","2018"
"87","Doja Cat","0.635","0.722","0.766","-5.566","0.0550","0.001340","0.1420","119.962","Game","Amala","2018"
"88","Doja Cat","0.323","0.653","0.632","-6.866","0.0993","0.082700","0.0669","128.020","Casual","Amala","2018"
"89","Doja Cat","0.442","0.556","0.745","-6.409","0.1690","0.001840","0.3670","141.252","Down Low","Amala","2018"
"90","Doja Cat","0.682","0.717","0.470","-7.081","0.0478","0.277000","0.1040"," 96.491","Body Language","Amala","2018"
"91","Doja Cat","0.223","0.800","0.551","-6.249","0.1620","0.198000","0.0776","129.994","All Nighter","Amala","2018"
"92","Drake","0.2000","0.402","0.5140"," -7.322","0.0471","0.106000","0.1810","120.009","Virginia Beach","For All The Dogs","2023"
"93","Drake","0.3090","0.646","0.6050"," -7.590","0.1880","0.063600","0.2530"," 90.156","Amen (feat. Teezo Touchdown)","For All The Dogs","2023"
"94","Drake","0.1040","0.571","0.5500"," -6.567","0.1060","0.054800","0.1790","120.947","Calling For You (feat. 21 Savage)","For All The Dogs","2023"
"95","Drake","0.0666","0.581","0.3250"," -9.238","0.2200","0.012800","0.1600","136.934","Fear Of Heights","For All The Dogs","2023"
"96","Drake","0.0667","0.566","0.5640"," -7.880","0.2770","0.014900","0.1040","139.920","Daylight","For All The Dogs","2023"
"97","Drake","0.2480","0.470","0.6400"," -7.779","0.3200","0.027700","0.3820","163.920","First Person Shooter (feat. J. Cole)","For All The Dogs","2023"
"98","Drake","0.1380","0.663","0.6700"," -8.399","0.2710","0.046400","0.2050","136.952","IDGAF (feat. Yeat)","For All The Dogs","2023"
"99","Drake","0.3250","0.487","0.4900"," -9.373","0.0649","0.554000","0.1260","141.389","7969 Santa","For All The Dogs","2023"
"100","Drake","0.1050","0.483","0.4080"," -9.243","0.0502","0.508000","0.2590"," 88.880","Slime You Out (feat. SZA)","For All The Dogs","2023"
"101","Drake","0.3690","0.626","0.3090","-10.397","0.0433","0.850000","0.1170","117.940","Bahamas Promises","For All The Dogs","2023"
"102","Drake","0.2310","0.570","0.2950","-13.693","0.0445","0.837000","0.1670"," 84.139","Tried Our Best","For All The Dogs","2023"
"103","Drake","0.6290","0.823","0.6420"," -5.922","0.2580","0.064400","0.1050","146.781","Screw The World - Interlude","For All The Dogs","2023"
"104","Drake","0.1430","0.707","0.3340","-12.792","0.2440","0.375000","0.1700","127.944","Drew A Picasso","For All The Dogs","2023"
"105","Drake","0.1760","0.647","0.3400"," -8.795","0.0496","0.245000","0.1070"," 91.998","Members Only (feat. PARTYNEXTDOOR)","For All The Dogs","2023"
"106","Drake","0.4730","0.832","0.5550"," -7.766","0.1160","0.050600","0.2130"," 95.618","What Would Pluto Do","For All The Dogs","2023"
"107","Drake","0.1950","0.650","0.4050","-10.156","0.1990","0.552000","0.1070","124.747","All The Parties (feat. Chief Keef)","For All The Dogs","2023"
"108","Drake","0.6680","0.567","0.6820"," -6.423","0.2740","0.643000","0.5120"," 79.043","8am in Charlotte","For All The Dogs","2023"
"109","Drake","0.5740","0.502","0.3910"," -9.013","0.0428","0.845000","0.1120","132.819","BBL Love - Interlude","For All The Dogs","2023"
"110","Drake","0.2550","0.868","0.4070"," -7.735","0.2950","0.047900","0.1390","107.524","Gently (feat. Bad Bunny)","For All The Dogs","2023"
"111","Drake","0.1420","0.645","0.7290"," -4.560","0.0528","0.037700","0.3840","146.010","Rich Baby Daddy (feat. Sexyy Red & SZA)","For All The Dogs","2023"
"112","Drake","0.2140","0.684","0.5410"," -8.040","0.0483","0.034700","0.1380","158.046","Another Late Night (feat. Lil Yachty)","For All The Dogs","2023"
"113","Drake","0.2260","0.848","0.6250"," -7.640","0.0587","0.019500","0.1090"," 93.019","Away From Home","For All The Dogs","2023"
"114","Drake","0.3430","0.440","0.2740","-14.464","0.0809","0.092400","0.1280"," 76.513","Polar Opposites","For All The Dogs","2023"
"115","Drake","0.4240","0.561","0.5200"," -9.342","0.2440","0.050300","0.3550","153.150","Rich Flex","Her Loss","2022"
"116","Drake","0.2250","0.908","0.5460","-10.491","0.3230","0.012700","0.0707","131.016","Major Distribution","Her Loss","2022"
"117","Drake","0.3290","0.841","0.3580"," -8.368","0.5910","0.020100","0.3900","158.014","On BS","Her Loss","2022"
"118","Drake","0.3950","0.849","0.4330"," -8.434","0.3160","0.040700","0.3880","142.110","BackOutsideBoyz","Her Loss","2022"
"119","Drake","0.6160","0.934","0.6140"," -7.384","0.1980","0.002740","0.1230","144.045","Privileged Rappers","Her Loss","2022"
"120","Drake","0.2030","0.773","0.7010"," -6.386","0.0512","0.010000","0.1630","129.963","Spin Bout U","Her Loss","2022"
"121","Drake","0.1110","0.501","0.4030","-11.106","0.1190","0.234000","0.2670","118.352","Hours In Silence","Her Loss","2022"
"122","Drake","0.6090","0.746","0.5170"," -7.582","0.3270","0.078200","0.1370"," 88.987","Treacherous Twins","Her Loss","2022"
"123","Drake","0.2520","0.734","0.6050"," -8.476","0.0699","0.010200","0.3170","103.976","Circo Loco","Her Loss","2022"
"124","Drake","0.4450","0.749","0.6300"," -6.652","0.1160","0.062300","0.3530","122.030","Pussy & Millions (feat. Travis Scott)","Her Loss","2022"
"125","Drake","0.1120","0.642","0.5330"," -7.450","0.2660","0.010400","0.2510","120.041","Broke Boys","Her Loss","2022"
"126","Drake","0.2500","0.466","0.7030"," -5.774","0.3930","0.180000","0.4220"," 76.815","Middle of the Ocean","Her Loss","2022"
"127","Drake","0.3190","0.799","0.5750"," -6.257","0.2820","0.221000","0.1960"," 99.026","Jumbotron Shit Poppin","Her Loss","2022"
"128","Drake","0.0713","0.704","0.5040"," -6.749","0.2230","0.040500","0.1390"," 82.537","More M’s","Her Loss","2022"
"129","Drake","0.2410","0.475","0.6920"," -8.327","0.3980","0.053300","0.1800","181.167","3AM on Glenwood","Her Loss","2022"
"130","Drake","0.0398","0.385","0.3400","-11.754","0.0510","0.499000","0.1960"," 83.947","I Guess It’s Fuck Me","Her Loss","2022"
"131","Drake","0.2130","0.193","0.0218","-31.160","0.0389","0.955000","0.1170","125.501","Intro","Honestly, Nevermind","2022"
"132","Drake","0.3490","0.718","0.7580"," -8.290","0.0703","0.238000","0.1100","118.989","Falling Back","Honestly, Nevermind","2022"
"133","Drake","0.5360","0.765","0.6270"," -4.607","0.0622","0.000916","0.0847","118.997","Texts Go Green","Honestly, Nevermind","2022"
"134","Drake","0.4160","0.883","0.2830","-12.653","0.1130","0.104000","0.0935","122.013","Currents","Honestly, Nevermind","2022"
"135","Drake","0.3230","0.600","0.4820","-11.596","0.0701","0.512000","0.1150","121.909","A Keeper","Honestly, Nevermind","2022"
"136","Drake","0.4840","0.826","0.2760","-11.227","0.2660","0.620000","0.1180","123.985","Calling My Name","Honestly, Nevermind","2022"
"137","Drake","0.0774","0.853","0.4950","-14.630","0.1400","0.091700","0.0844","137.027","Sticky","Honestly, Nevermind","2022"
"138","Drake","0.0557","0.499","0.6710"," -6.774","0.0561","0.114000","0.1480","124.994","Massive","Honestly, Nevermind","2022"
"139","Drake","0.2010","0.593","0.4100","-13.097","0.0531","0.886000","0.1150","122.584","Flight's Booked","Honestly, Nevermind","2022"
"140","Drake","0.5180","0.502","0.6450","-10.611","0.1220","0.444000","0.1070","109.739","Overdrive","Honestly, Nevermind","2022"
"141","Drake","0.6390","0.718","0.3190","-11.261","0.0435","0.965000","0.0895","109.994","Down Hill","Honestly, Nevermind","2022"
"142","Drake","0.2840","0.775","0.6880","-10.912","0.0593","0.017600","0.1080","120.017","Tie That Binds","Honestly, Nevermind","2022"
"143","Drake","0.5820","0.557","0.7060"," -6.592","0.0649","0.268000","0.1320","105.013","Liability","Honestly, Nevermind","2022"
"144","Drake","0.3660","0.529","0.6730"," -4.711","0.1750","0.000307","0.0930","165.921","Jimmy Cooks (feat. 21 Savage)","Honestly, Nevermind","2022"
"145","Drake","0.4960","0.423","0.6670"," -7.012","0.3260","0.758000","0.2460"," 86.743","Champagne Poetry","Certified Lover Boy","2021"
"146","Drake","0.5880","0.701","0.7410"," -6.157","0.3130","0.112000","0.6990","140.177","Papi’s Home","Certified Lover Boy","2021"
"147","Drake","0.3810","0.767","0.4380"," -8.726","0.2900","0.181000","0.1420"," 86.975","Girls Want Girls (with Lil Baby)","Certified Lover Boy","2021"
"148","Drake","0.1470","0.686","0.3850"," -8.350","0.2970","0.614000","0.1310","143.070","In The Bible (with Lil Durk & Giveon)","Certified Lover Boy","2021"
"149","Drake","0.1550","0.730","0.5760"," -5.442","0.2870","0.354000","0.1500"," 92.131","Love All (with JAY-Z)","Certified Lover Boy","2021"
"150","Drake","0.2920","0.666","0.4650"," -8.545","0.2600","0.050300","0.2150","167.937","Fair Trade (with Travis Scott)","Certified Lover Boy","2021"
"151","Drake","0.3310","0.803","0.5970"," -6.035","0.1410","0.000619","0.3230","136.008","Way 2 Sexy (with Future & Young Thug)","Certified Lover Boy","2021"
"152","Drake","0.2460","0.568","0.5600"," -9.059","0.4200","0.228000","0.3900","130.019","TSU","Certified Lover Boy","2021"
"153","Drake","0.0744","0.507","0.4290"," -7.726","0.3260","0.051800","0.1090"," 91.000","N 2 Deep","Certified Lover Boy","2021"
"154","Drake","0.5900","0.518","0.6900"," -6.150","0.1070","0.128000","0.1760"," 77.837","Pipe Down","Certified Lover Boy","2021"
"155","Drake","0.0908","0.476","0.1610","-11.665","0.0407","0.967000","0.1090","119.614","Yebba’s Heartbreak","Certified Lover Boy","2021"
"156","Drake","0.1710","0.840","0.7440"," -4.751","0.1130","0.018100","0.6290"," 83.737","No Friends In The Industry","Certified Lover Boy","2021"
"157","Drake","0.1530","0.849","0.4240"," -9.579","0.3240","0.063500","0.0834","145.887","Knife Talk (with 21 Savage ft. Project Pat)","Certified Lover Boy","2021"
"158","Drake","0.1410","0.724","0.5310"," -4.108","0.2980","0.225000","0.1100"," 89.901","7am On Bridle Path","Certified Lover Boy","2021"
"159","Drake","0.7830","0.488","0.6350"," -7.190","0.2600","0.179000","0.1560","174.072","Race My Mind","Certified Lover Boy","2021"
"160","Drake","0.6890","0.843","0.4850"," -8.735","0.1950","0.181000","0.1070","100.053","Fountains (with Tems)","Certified Lover Boy","2021"
"161","Drake","0.3380","0.320","0.4660"," -6.770","0.0374","0.006450","0.1330","177.693","Get Along Better","Certified Lover Boy","2021"
"162","Drake","0.7110","0.519","0.8510"," -6.001","0.2900","0.118000","0.1780","123.823","You Only Live Twice (with Lil Wayne & Rick Ross)","Certified Lover Boy","2021"
"163","Drake","0.0498","0.590","0.4930"," -8.704","0.0367","0.402000","0.1290","150.026","IMY2 (with Kid Cudi)","Certified Lover Boy","2021"
"164","Drake","0.1650","0.783","0.4160"," -9.840","0.1350","0.213000","0.1030"," 87.073","F*****g Fans","Certified Lover Boy","2021"
"165","Drake","0.6370","0.473","0.5300"," -8.506","0.2490","0.812000","0.2270"," 74.732","The Remorse","Certified Lover Boy","2021"
"166","Drake","0.3740","0.473","0.8240"," -3.680","0.1630","0.482000","0.6050"," 77.888","Deep Pockets","Dark Lane Demo Tapes","2020"
"167","Drake","0.5260","0.410","0.8200"," -6.808","0.5330","0.252000","0.5380","170.718","When To Say When","Dark Lane Demo Tapes","2020"
"168","Drake","0.0397","0.735","0.4490"," -7.507","0.3470","0.629000","0.1130","122.947","Chicago Freestyle (feat. Giveon)","Dark Lane Demo Tapes","2020"
"169","Drake","0.3160","0.458","0.4520"," -9.299","0.0470","0.342000","0.0703"," 86.318","Not You Too (feat. Chris Brown)","Dark Lane Demo Tapes","2020"
"170","Drake","0.8450","0.830","0.4900"," -8.820","0.2090","0.289000","0.1130"," 81.604","Toosie Slide","Dark Lane Demo Tapes","2020"
"171","Drake","0.5540","0.812","0.5060"," -7.706","0.1160","0.281000","0.3250","145.074","Desires (with Future)","Dark Lane Demo Tapes","2020"
"172","Drake","0.5000","0.864","0.4770"," -5.786","0.2240","0.201000","0.1820"," 86.460","Time Flies","Dark Lane Demo Tapes","2020"
"173","Drake","0.7150","0.881","0.6360"," -4.629","0.2870","0.006060","0.1110","163.949","Landed","Dark Lane Demo Tapes","2020"
"174","Drake","0.8150","0.718","0.7060"," -5.709","0.0600","0.012800","0.3520","170.004","D4L","Dark Lane Demo Tapes","2020"
"175","Drake","0.1200","0.825","0.3730"," -5.532","0.1080","0.163000","0.3680"," 77.271","Pain 1993 (with Playboi Carti)","Dark Lane Demo Tapes","2020"
"176","Drake","0.5050","0.551","0.5700"," -7.385","0.3510","0.280000","0.4240"," 85.687","Losses","Dark Lane Demo Tapes","2020"
"177","Drake","0.4760","0.787","0.4770"," -7.837","0.1990","0.768000","0.1040"," 80.506","From Florida With Love","Dark Lane Demo Tapes","2020"
"178","Drake","0.7290","0.543","0.7660"," -3.387","0.3430","0.423000","0.1550","106.869","Demons (feat. Fivio Foreign & Sosa Geek)","Dark Lane Demo Tapes","2020"
"179","Drake","0.2390","0.749","0.7920"," -4.151","0.0826","0.292000","0.1090","144.064","War","Dark Lane Demo Tapes","2020"
"180","Drake","0.3300","0.423","0.5870"," -6.635","0.5290","0.765000","0.1140","180.331","Dreams Money Can Buy","Care Package","2019"
"181","Drake","0.5440","0.631","0.7880"," -7.142","0.1020","0.371000","0.1080","157.769","The Motion","Care Package","2019"
"182","Drake","0.4720","0.789","0.4040"," -8.364","0.2300","0.205000","0.2190","122.062","How Bout Now","Care Package","2019"
"183","Drake","0.5230","0.421","0.5390"," -5.456","0.2740","0.779000","0.1110"," 89.177","Trust Issues","Care Package","2019"
"184","Drake","0.0361","0.733","0.3610","-11.129","0.1350","0.348000","0.0942"," 94.902","Days in The East","Care Package","2019"
"185","Drake","0.5640","0.673","0.8100"," -3.793","0.3600","0.032200","0.1330","166.084","Draft Day","Care Package","2019"
"186","Drake","0.5490","0.743","0.6600"," -4.802","0.4180","0.115000","0.1010","192.031","4pm in Calabasas","Care Package","2019"
"187","Drake","0.3910","0.555","0.8800"," -4.325","0.2650","0.067800","0.0723"," 87.195","5 Am in Toronto","Care Package","2019"
"188","Drake","0.6890","0.477","0.5010"," -9.178","0.0398","0.706000","0.0953"," 81.376","I Get Lonely","Care Package","2019"
"189","Drake","0.3850","0.549","0.4950"," -5.661","0.1330","0.603000","0.0979"," 81.012","My Side","Care Package","2019"
"190","Drake","0.2820","0.498","0.8440"," -2.834","0.2680","0.011100","0.1020"," 88.435","Jodeci Freestyle (feat. J. Cole)","Care Package","2019"
"191","Drake","0.5430","0.338","0.7290"," -6.419","0.1020","0.758000","0.1800","184.174","Club Paradise","Care Package","2019"
"192","Drake","0.2250","0.508","0.7480"," -4.997","0.3300","0.281000","0.1680","100.414","Free Spirit (feat. Rick Ross)","Care Package","2019"
"193","Drake","0.3020","0.641","0.4540"," -8.344","0.1330","0.179000","0.0650"," 78.036","Heat Of The Moment","Care Package","2019"
"194","Drake","0.3280","0.619","0.4890","-11.250","0.4600","0.782000","0.1060","126.046","Girls Love Beyoncé (feat. James Fauntleroy)","Care Package","2019"
"195","Drake","0.1410","0.505","0.4940"," -8.635","0.3150","0.414000","0.1050","171.978","Paris Morton Music","Care Package","2019"
"196","Drake","0.0674","0.643","0.1780"," -8.560","0.0588","0.484000","0.1220"," 85.042","Can I","Care Package","2019"
"197","Drake","0.1450","0.555","0.5960"," -9.090","0.3750","0.133000","0.1230"," 77.324","Survival","Scorpion","2018"
"198","Drake","0.4230","0.912","0.4120"," -8.074","0.1230","0.016500","0.1040","154.983","Nonstop","Scorpion","2018"
"199","Drake","0.0542","0.758","0.4740"," -8.720","0.1470","0.015200","0.1160"," 76.061","Elevate","Scorpion","2018"
"200","Drake","0.0853","0.414","0.6770"," -5.120","0.2540","0.024800","0.0793","172.521","Emotionless","Scorpion","2018"
"201","Drake","0.3570","0.754","0.4490"," -9.211","0.1090","0.033200","0.5520"," 77.169","God's Plan","Scorpion","2018"
"202","Drake","0.4920","0.899","0.5860"," -7.866","0.3430","0.279000","0.0836","150.002","I'm Upset","Scorpion","2018"
"203","Drake","0.3100","0.527","0.6890"," -7.870","0.7410","0.161000","0.4980","170.538","8 Out Of 10","Scorpion","2018"
"204","Drake","0.4910","0.754","0.5750"," -8.393","0.0682","0.045000","0.2760"," 86.009","Mob Ties","Scorpion","2018"
"205","Drake","0.4460","0.761","0.5980"," -7.249","0.1820","0.126000","0.0839","173.897","Can’t Take A Joke","Scorpion","2018"
"206","Drake","0.5190","0.486","0.8490"," -5.432","0.2460","0.048100","0.1430","152.086","Sandra’s Rose","Scorpion","2018"
"207","Drake","0.3340","0.758","0.4910"," -9.877","0.1380","0.003540","0.2920","140.121","Talk Up (feat. Jay-Z)","Scorpion","2018"
"208","Drake","0.5490","0.708","0.5470"," -7.607","0.3140","0.727000","0.1590"," 83.800","Is There More","Scorpion","2018"
"209","Drake","0.2690","0.687","0.2180","-13.539","0.0388","0.850000","0.1060"," 91.991","Peak","Scorpion","2018"
"210","Drake","0.1340","0.776","0.4820","-11.269","0.0357","0.477000","0.1100","136.008","Summer Games","Scorpion","2018"
"211","Drake","0.0371","0.764","0.2710"," -5.697","0.0414","0.037000","0.1750","116.019","Jaded","Scorpion","2018"
"212","Drake","0.7580","0.585","0.9090"," -6.474","0.0707","0.089100","0.1190"," 93.372","Nice For What","Scorpion","2018"
"213","Drake","0.2990","0.807","0.3190"," -8.152","0.0581","0.133000","0.1010"," 94.992","Finesse","Scorpion","2018"
"214","Drake","0.6220","0.657","0.5710","-12.519","0.1390","0.110000","0.0735","167.958","Ratchet Happy Birthday","Scorpion","2018"
"215","Drake","0.3800","0.850","0.4730"," -5.747","0.2090","0.117000","0.1080"," 85.454","That’s How You Feel","Scorpion","2018"
"216","Drake","0.1230","0.889","0.3720","-10.254","0.3570","0.013000","0.1840","133.997","Blue Tint","Scorpion","2018"
"217","Drake","0.3500","0.835","0.6260"," -5.833","0.1250","0.058900","0.3960"," 91.030","In My Feelings","Scorpion","2018"
"218","Drake","0.1380","0.822","0.3180","-12.391","0.0575","0.493000","0.1100","102.998","Don’t Matter To Me (with Michael Jackson)","Scorpion","2018"
"219","Drake","0.3360","0.687","0.4290","-13.075","0.1920","0.040700","0.1420","141.966","After Dark (feat. Static Major & Ty Dolla $ign)","Scorpion","2018"
"220","Drake","0.1040","0.500","0.4490","-10.977","0.4420","0.422000","0.1150","144.206","Final Fantasy","Scorpion","2018"
"221","Drake","0.3180","0.558","0.4140"," -7.355","0.3580","0.405000","0.3600","127.094","March 14","Scorpion","2018"
"222","Drake","0.2030","0.736","0.4910"," -6.892","0.4390","0.068100","0.5710","141.979","Free Smoke","More Life","2017"
"223","Drake","0.5780","0.913","0.6080"," -6.839","0.2340","0.067100","0.5330"," 97.063","No Long Talk","More Life","2017"
"224","Drake","0.3640","0.809","0.4630","-11.377","0.0396","0.256000","0.1090","111.980","Passionfruit","More Life","2017"
"225","Drake","0.2370","0.735","0.3730","-10.478","0.1040","0.762000","0.2880","123.081","Jorja Interlude","More Life","2017"
"226","Drake","0.8490","0.781","0.7210"," -9.133","0.0514","0.094500","0.1040","123.011","Get It Together","More Life","2017"
"227","Drake","0.3300","0.839","0.5210","-10.450","0.1660","0.245000","0.6070","105.992","Madiba Riddim","More Life","2017"
"228","Drake","0.3750","0.726","0.5350"," -7.804","0.0476","0.053300","0.0984"," 98.067","Blem","More Life","2017"
"229","Drake","0.1900","0.609","0.2290","-12.360","0.0333","0.558000","0.1130","111.887","4422","More Life","2017"
"230","Drake","0.1220","0.877","0.3910"," -8.196","0.0630","0.031700","0.0945","131.018","Gyalchester","More Life","2017"
"231","Drake","0.4150","0.745","0.8220"," -6.354","0.2520","0.010300","0.1550"," 86.733","Skepta Interlude","More Life","2017"
"232","Drake","0.3500","0.925","0.4430"," -8.216","0.2640","0.017200","0.2760","136.078","Portland","More Life","2017"
"233","Drake","0.5320","0.903","0.4390","-11.813","0.3970","0.040700","0.1380","139.112","Sacrifices","More Life","2017"
"234","Drake","0.2560","0.766","0.2340"," -7.544","0.1590","0.332000","0.3580"," 96.882","Nothings Into Somethings","More Life","2017"
"235","Drake","0.1440","0.766","0.2830","-10.330","0.0846","0.111000","0.1150"," 97.040","Teenage Fever","More Life","2017"
"236","Drake","0.0906","0.875","0.6000"," -6.818","0.0435","0.018900","0.1320","119.987","KMT","More Life","2017"
"237","Drake","0.3780","0.526","0.5830"," -9.172","0.3760","0.699000","0.3720"," 89.837","Lose You","More Life","2017"
"238","Drake","0.4540","0.856","0.5720"," -8.429","0.3730","0.013600","0.1210"," 82.445","Can't Have Everything","More Life","2017"
"239","Drake","0.4320","0.688","0.3840"," -8.824","0.3750","0.200000","0.7080","162.098","Glow","More Life","2017"
"240","Drake","0.2220","0.468","0.2660","-11.121","0.1300","0.348000","0.2090","153.294","Since Way Back","More Life","2017"
"241","Drake","0.6130","0.928","0.4810"," -9.350","0.2870","0.105000","0.1760","134.007","Fake Love","More Life","2017"
"242","Drake","0.5980","0.813","0.5510"," -7.605","0.3530","0.080000","0.3860","124.957","Ice Melts","More Life","2017"
"243","Drake","0.4540","0.618","0.6930"," -5.943","0.4500","0.246000","0.1120","170.982","Do Not Disturb","More Life","2017"
"244","Drake","0.1960","0.378","0.5660"," -7.685","0.0482","0.149000","0.3820"," 87.691","Keep The Family Close","Views","2016"
"245","Drake","0.0379","0.680","0.7120"," -7.184","0.0453","0.000803","0.2370","100.009","9","Views","2016"
"246","Drake","0.1250","0.429","0.4300","-11.373","0.1650","0.338000","0.1380","174.983","U With Me?","Views","2016"
"247","Drake","0.2050","0.582","0.6770"," -7.081","0.1720","0.031200","0.1220","193.818","Feel No Ways","Views","2016"
"248","Drake","0.2370","0.787","0.6350"," -8.271","0.1550","0.025300","0.3570","130.018","Hype","Views","2016"
"249","Drake","0.3500","0.623","0.7400"," -6.942","0.3070","0.063500","0.3660"," 82.877","Weston Road Flows","Views","2016"
"250","Drake","0.3410","0.694","0.3140"," -7.820","0.1160","0.611000","0.1170","119.905","Redemption","Views","2016"
"251","Drake","0.7840","0.878","0.4060"," -9.961","0.2480","0.134000","0.1120","128.014","With You","Views","2016"
"252","Drake","0.1710","0.536","0.4490","-10.499","0.1030","0.110000","0.2840"," 99.889","Faithful","Views","2016"
"253","Drake","0.2290","0.834","0.4330"," -9.607","0.1740","0.025800","0.6330","133.938","Still Here","Views","2016"
"254","Drake","0.3490","0.590","0.4680","-11.083","0.1850","0.078900","0.1010"," 92.287","Controlla","Views","2016"
"255","Drake","0.3700","0.792","0.6250"," -5.609","0.0536","0.007760","0.3290","103.967","One Dance","Views","2016"
"256","Drake","0.1200","0.676","0.4320"," -9.510","0.5020","0.001630","0.0799","145.869","Grammys","Views","2016"
"257","Drake","0.2920","0.746","0.4750","-11.243","0.1130","0.017500","0.1970"," 80.006","Childs Play","Views","2016"
"258","Drake","0.0594","0.713","0.4620","-10.027","0.1230","0.192000","0.1050","133.053","Pop Style","Views","2016"
"259","Drake","0.3970","0.794","0.6530"," -7.839","0.1040","0.048900","0.1000","117.996","Too Good","Views","2016"
"260","Drake","0.2420","0.699","0.2550"," -8.647","0.0303","0.405000","0.0985","132.031","Summers Over Interlude","Views","2016"
"261","Drake","0.2750","0.722","0.2520","-14.411","0.0761","0.067100","0.0852"," 79.923","Fire & Desire","Views","2016"
"262","Drake","0.1120","0.395","0.8520"," -5.896","0.3700","0.065700","0.2620"," 76.428","Views","Views","2016"
"263","Drake","0.5520","0.891","0.6280"," -7.863","0.0551","0.002580","0.0504","134.966","Hotline Bling","Views","2016"
"264","Drake","0.2760","0.881","0.5460"," -7.566","0.1200","0.002960","0.2260","140.032","Digital Dash","What A Time To Be Alive","2015"
"265","Drake","0.2700","0.776","0.6750"," -6.224","0.2660","0.001960","0.2270","131.984","Big Rings","What A Time To Be Alive","2015"
"266","Drake","0.3070","0.824","0.4900"," -8.391","0.4290","0.036900","0.0807","165.948","Live From The Gutter","What A Time To Be Alive","2015"
"267","Drake","0.1710","0.510","0.3580","-10.847","0.0467","0.125000","0.1110","136.036","Diamonds Dancing","What A Time To Be Alive","2015"
"268","Drake","0.2590","0.739","0.4160"," -9.319","0.2850","0.096600","0.1000","109.168","Scholarships","What A Time To Be Alive","2015"
"269","Drake","0.3500","0.845","0.4790"," -6.065","0.2980","0.010400","0.1570","170.919","Plastic Bag","What A Time To Be Alive","2015"
"270","Drake","0.2540","0.828","0.5500"," -9.158","0.2550","0.000379","0.1340","160.016","I'm The Plug","What A Time To Be Alive","2015"
"271","Drake","0.2090","0.787","0.3290"," -9.991","0.3910","0.020700","0.1180","137.850","Change Locations","What A Time To Be Alive","2015"
"272","Drake","0.6560","0.852","0.5530"," -7.286","0.1870","0.055900","0.3320","142.079","Jumpman","What A Time To Be Alive","2015"
"273","Drake","0.3120","0.758","0.5260","-10.810","0.2550","0.513000","0.0913","146.054","Jersey","What A Time To Be Alive","2015"
"274","Drake","0.3170","0.744","0.6190"," -9.143","0.3980","0.671000","0.1230"," 89.252","30 for 30 Freestyle","What A Time To Be Alive","2015"
"275","Drake","0.3100","0.714","0.5630"," -7.574","0.0723","0.026600","0.0776","100.091","Legend","If You're Reading This It's Too Late","2015"
"276","Drake","0.5530","0.747","0.5710"," -7.916","0.4780","0.380000","0.5340","172.104","Energy","If You're Reading This It's Too Late","2015"
"277","Drake","0.8880","0.825","0.7560"," -3.687","0.3830","0.265000","0.0762","172.938","10 Bands","If You're Reading This It's Too Late","2015"
"278","Drake","0.1790","0.720","0.4120"," -8.687","0.2230","0.196000","0.3420","114.408","Know Yourself","If You're Reading This It's Too Late","2015"
"279","Drake","0.6180","0.823","0.4670","-10.394","0.3010","0.543000","0.1350"," 95.026","No Tellin'","If You're Reading This It's Too Late","2015"
"280","Drake","0.1420","0.905","0.4920"," -8.598","0.0595","0.014900","0.3710","110.017","Madonna","If You're Reading This It's Too Late","2015"
"281","Drake","0.4980","0.868","0.6230"," -8.595","0.1010","0.024900","0.1250","105.446","6 God","If You're Reading This It's Too Late","2015"
"282","Drake","0.1660","0.521","0.3920"," -7.880","0.1700","0.747000","0.1980"," 91.939","Star67","If You're Reading This It's Too Late","2015"
"283","Drake","0.3890","0.605","0.5100"," -8.094","0.4230","0.165000","0.1040"," 65.255","Preach","If You're Reading This It's Too Late","2015"
"284","Drake","0.1950","0.312","0.4660"," -8.163","0.0509","0.729000","0.2150","135.440","Wednesday Night Interlude","If You're Reading This It's Too Late","2015"
"285","Drake","0.3040","0.926","0.4270"," -7.584","0.1050","0.070300","0.0818"," 96.025","Used To","If You're Reading This It's Too Late","2015"
"286","Drake","0.3260","0.568","0.5350"," -9.306","0.5130","0.217000","0.1140"," 83.589","6 Man","If You're Reading This It's Too Late","2015"
"287","Drake","0.0980","0.555","0.4810"," -7.419","0.0322","0.124000","0.1010","107.793","Now & Forever","If You're Reading This It's Too Late","2015"
"288","Drake","0.1190","0.651","0.5500"," -8.215","0.0496","0.040300","0.1650","107.567","Company","If You're Reading This It's Too Late","2015"
"289","Drake","0.2230","0.545","0.4760"," -7.444","0.2840","0.168000","0.1300","154.362","You & The 6","If You're Reading This It's Too Late","2015"
"290","Drake","0.3780","0.697","0.2350"," -8.651","0.0534","0.620000","0.1070"," 99.947","Jungle","If You're Reading This It's Too Late","2015"
"291","Drake","0.3830","0.554","0.8500"," -4.155","0.2510","0.107000","0.1550","128.429","6PM In New York","If You're Reading This It's Too Late","2015"
"292","Drake","0.3000","0.597","0.6790"," -5.401","0.3900","0.115000","0.2310"," 79.950","Tuscan Leather","Nothing Was The Same (Deluxe)","2013"
"293","Drake","0.2710","0.484","0.7800"," -5.264","0.1350","0.147000","0.0570","137.101","Furthest Thing","Nothing Was The Same (Deluxe)","2013"
"294","Drake","0.5670","0.794","0.5220"," -7.829","0.1590","0.032800","0.1560"," 86.318","Started From the Bottom","Nothing Was The Same (Deluxe)","2013"
"295","Drake","0.3690","0.832","0.4270"," -8.516","0.2570","0.047400","0.1010"," 99.935","Wu-Tang Forever","Nothing Was The Same (Deluxe)","2013"
"296","Drake","0.2940","0.654","0.3420","-11.305","0.1010","0.048700","0.3130","103.064","Own It","Nothing Was The Same (Deluxe)","2013"
"297","Drake","0.4140","0.779","0.7990"," -6.359","0.1500","0.158000","0.2090","109.944","Worst Behavior","Nothing Was The Same (Deluxe)","2013"
"298","Drake","0.4480","0.738","0.4910"," -9.726","0.4130","0.626000","0.1260"," 94.378","From Time","Nothing Was The Same (Deluxe)","2013"
"299","Drake","0.2870","0.776","0.4130"," -7.438","0.0952","0.004150","0.0724","100.003","Hold On, We're Going Home","Nothing Was The Same (Deluxe)","2013"
"300","Drake","0.4690","0.683","0.4880"," -9.473","0.1350","0.408000","0.1320"," 75.039","Connect","Nothing Was The Same (Deluxe)","2013"
"301","Drake","0.5020","0.831","0.6510"," -8.363","0.4370","0.012500","0.0809","120.064","The Language","Nothing Was The Same (Deluxe)","2013"
"302","Drake","0.1340","0.419","0.4940"," -8.782","0.3450","0.056700","0.1440"," 67.622","305 To My City","Nothing Was The Same (Deluxe)","2013"
"303","Drake","0.1480","0.637","0.5690"," -5.858","0.5500","0.173000","0.1800","140.269","Too Much","Nothing Was The Same (Deluxe)","2013"
"304","Drake","0.2640","0.521","0.7620"," -6.750","0.5340","0.139000","0.1140","164.289","Pound Cake / Paris Morton Music 2","Nothing Was The Same (Deluxe)","2013"
"305","Drake","0.4050","0.558","0.4680"," -5.812","0.1730","0.159000","0.5860"," 81.977","Come Thru","Nothing Was The Same (Deluxe)","2013"
"306","Drake","0.4220","0.670","0.5150"," -6.977","0.3970","0.070500","0.2500","122.006","All Me","Nothing Was The Same (Deluxe)","2013"
"307","Drake","0.2960","0.522","0.6790"," -5.401","0.4050","0.114000","0.2310"," 79.849","Tuscan Leather","Nothing Was The Same","2013"
"308","Drake","0.2710","0.484","0.7800"," -5.264","0.1350","0.147000","0.0572","137.105","Furthest Thing","Nothing Was The Same","2013"
"309","Drake","0.5790","0.793","0.5240"," -7.827","0.1560","0.031900","0.1560"," 86.325","Started From the Bottom","Nothing Was The Same","2013"
"310","Drake","0.3680","0.836","0.4270"," -8.516","0.2700","0.047400","0.1010"," 99.912","Wu-Tang Forever","Nothing Was The Same","2013"
"311","Drake","0.2920","0.653","0.3410","-11.305","0.1020","0.048100","0.3120","103.061","Own It","Nothing Was The Same","2013"
"312","Drake","0.4140","0.780","0.7990"," -6.359","0.1500","0.158000","0.2090","109.944","Worst Behavior","Nothing Was The Same","2013"
"313","Drake","0.4480","0.739","0.4910"," -9.726","0.4130","0.626000","0.1260"," 94.391","From Time","Nothing Was The Same","2013"
"314","Drake","0.2870","0.777","0.4140"," -7.440","0.0946","0.004210","0.0724","100.002","Hold On, We're Going Home","Nothing Was The Same","2013"
"315","Drake","0.4650","0.683","0.4900"," -9.469","0.1350","0.406000","0.1320"," 75.030","Connect","Nothing Was The Same","2013"
"316","Drake","0.5020","0.831","0.6510"," -8.363","0.4370","0.012500","0.0809","120.065","The Language","Nothing Was The Same","2013"
"317","Drake","0.1320","0.419","0.4950"," -8.781","0.3480","0.056000","0.1440"," 67.622","305 To My City","Nothing Was The Same","2013"
"318","Drake","0.1470","0.681","0.5690"," -5.859","0.5460","0.173000","0.1800","140.532","Too Much","Nothing Was The Same","2013"
"319","Drake","0.2640","0.520","0.7610"," -6.750","0.5360","0.139000","0.1140","164.083","Pound Cake / Paris Morton Music 2","Nothing Was The Same","2013"
"320","Drake","0.5840","0.489","0.5700","-10.291","0.3060","0.759000","0.1790","185.516","Over My Dead Body","Take Care (Deluxe)","2011"
"321","Drake","0.1770","0.566","0.4650","-11.714","0.2350","0.055500","0.5670","143.015","Shot For Me","Take Care (Deluxe)","2011"
"322","Drake","0.4250","0.636","0.5660"," -7.160","0.1060","0.365000","0.0917","151.894","Headlines","Take Care (Deluxe)","2011"
"323","Drake","0.2940","0.418","0.5460"," -9.057","0.2380","0.227000","0.2290","160.152","Crew Love","Take Care (Deluxe)","2011"
"324","Drake","0.2990","0.629","0.5150","-10.358","0.2650","0.026700","0.0888","121.845","Take Care","Take Care (Deluxe)","2011"
"325","Drake","0.3120","0.492","0.2600","-17.341","0.0921","0.646000","0.0705","111.519","Marvins Room","Take Care (Deluxe)","2011"
"326","Drake","0.8010","0.711","0.5430","-12.692","0.1120","0.412000","0.5050","102.010","Buried Alive Interlude","Take Care (Deluxe)","2011"
"327","Drake","0.3970","0.487","0.7120"," -7.323","0.2700","0.000052","0.1980","156.209","Under Ground Kings","Take Care (Deluxe)","2011"
"328","Drake","0.2170","0.386","0.4880"," -7.303","0.4220","0.001710","0.6400","193.397","We'll Be Fine","Take Care (Deluxe)","2011"
"329","Drake","0.3550","0.684","0.4860","-10.155","0.1320","0.002680","0.1570","131.913","Make Me Proud","Take Care (Deluxe)","2011"
"330","Drake","0.3030","0.417","0.8870"," -5.551","0.3670","0.078600","0.8340","167.579","Lord Knows","Take Care (Deluxe)","2011"
"331","Drake","0.1580","0.441","0.4030","-11.180","0.1470","0.255000","0.1300","139.920","Cameras / Good Ones Go Interlude - Medley","Take Care (Deluxe)","2011"
"332","Drake","0.1230","0.397","0.1720","-15.698","0.0445","0.841000","0.1080","101.275","Doing It Wrong","Take Care (Deluxe)","2011"
"333","Drake","0.5090","0.567","0.3090","-14.254","0.3850","0.166000","0.1200"," 65.041","The Real Her","Take Care (Deluxe)","2011"
"334","Drake","0.2710","0.495","0.3510","-14.669","0.3400","0.485000","0.0967","134.369","Look What You've Done","Take Care (Deluxe)","2011"
"335","Drake","0.3590","0.444","0.6270"," -8.744","0.2520","0.123000","0.0795"," 98.210","HYFR (Hell Ya Fucking Right)","Take Care (Deluxe)","2011"
"336","Drake","0.3100","0.446","0.2390","-15.327","0.0876","0.574000","0.1200","104.675","Practice","Take Care (Deluxe)","2011"
"337","Drake","0.7930","0.556","0.7020","-10.079","0.2050","0.517000","0.3430","155.948","The Ride","Take Care (Deluxe)","2011"
"338","Drake","0.3900","0.766","0.4420"," -8.558","0.3560","0.000107","0.1110","201.800","The Motto","Take Care (Deluxe)","2011"
"339","Drake","0.5300","0.550","0.7580"," -6.472","0.3470","0.433000","0.1620"," 89.368","Fireworks","Thank Me Later","2010"
"340","Drake","0.9490","0.758","0.6540"," -7.097","0.1160","0.008790","0.0797","151.008","Karaoke","Thank Me Later","2010"
"341","Drake","0.6370","0.547","0.7410"," -8.127","0.1630","0.822000","0.1170"," 82.589","The Resistance","Thank Me Later","2010"
"342","Drake","0.4500","0.350","0.8450"," -5.614","0.2000","0.010700","0.1230"," 99.643","Over","Thank Me Later","2010"
"343","Drake","0.7040","0.667","0.7340"," -6.064","0.1190","0.038600","0.1080","128.318","Show Me A Good Time","Thank Me Later","2010"
"344","Drake","0.2760","0.606","0.8110"," -4.667","0.2780","0.007820","0.3490","156.347","Up All Night","Thank Me Later","2010"
"345","Drake","0.2800","0.530","0.8840"," -5.581","0.4570","0.332000","0.3550"," 87.194","Fancy","Thank Me Later","2010"
"346","Drake","0.3990","0.590","0.4340"," -9.298","0.0690","0.411000","0.0979","119.905","Shut It Down","Thank Me Later","2010"
"347","Drake","0.0710","0.546","0.8700"," -5.107","0.1140","0.103000","0.1110","156.145","Unforgettable","Thank Me Later","2010"
"348","Drake","0.1980","0.472","0.9080"," -5.991","0.4500","0.093600","0.1500","172.924","Light Up","Thank Me Later","2010"
"349","Drake","0.3320","0.426","0.8620"," -5.979","0.5970","0.081300","0.3400","100.300","Miss Me","Thank Me Later","2010"
"350","Drake","0.2340","0.473","0.6030"," -6.875","0.0319","0.054900","0.1150"," 94.984","Cece's Interlude","Thank Me Later","2010"
"351","Drake","0.7580","0.627","0.6140"," -6.006","0.1700","0.021100","0.0286"," 96.038","Find Your Love","Thank Me Later","2010"
"352","Drake","0.7480","0.495","0.7720"," -4.851","0.4250","0.282000","0.1190"," 71.295","Thank Me Now","Thank Me Later","2010"
"353","Drake","0.0853","0.462","0.4220","-10.381","0.1750","0.939000","0.1080"," 87.364","Lust For Life","So Far Gone","2009"
"354","Drake","0.4060","0.683","0.6950"," -6.798","0.0574","0.393000","0.1240","135.337","Houstatlantavegas","So Far Gone","2009"
"355","Drake","0.2310","0.562","0.5440"," -5.065","0.3690","0.536000","0.1700","159.517","Successful (feat. Trey Songz & Lil Wayne)","So Far Gone","2009"
"356","Drake","0.9380","0.790","0.7310"," -4.607","0.0327","0.004270","0.1570","127.403","Let’s Call It Off (feat. Peter Bjorn and John)","So Far Gone","2009"
"357","Drake","0.5340","0.749","0.4760","-11.147","0.5070","0.579000","0.1000"," 71.937","November 18th","So Far Gone","2009"
"358","Drake","0.1210","0.591","0.8460"," -3.687","0.2760","0.186000","0.4630"," 94.795","Ignant Shit (feat. Lil Wayne)","So Far Gone","2009"
"359","Drake","0.3680","0.611","0.5080"," -5.573","0.0741","0.374000","0.1680","103.612","A Night Off (feat. Lloyd)","So Far Gone","2009"
"360","Drake","0.4550","0.462","0.7730"," -5.375","0.2880","0.632000","0.2120"," 86.157","Say What's Real","So Far Gone","2009"
"361","Drake","0.7710","0.758","0.8880"," -4.899","0.0374","0.099900","0.6610","120.392","Little Bit (feat. Lykke Li)","So Far Gone","2009"
"362","Drake","0.5580","0.395","0.9220"," -2.176","0.3750","0.190000","0.1340","162.361","Best I Ever Had","So Far Gone","2009"
"363","Drake","0.8210","0.774","0.9120"," -2.787","0.3470","0.165000","0.7450","150.083","Unstoppable (feat. Santigold & Lil Wayne)","So Far Gone","2009"
"364","Drake","0.4170","0.416","0.8240"," -3.075","0.3430","0.003910","0.1040"," 85.433","Uptown (feat. Bun B & Lil Wayne)","So Far Gone","2009"
"365","Drake","0.5060","0.616","0.5010"," -5.722","0.2400","0.178000","0.1050"," 94.554","Sooner Than Later","So Far Gone","2009"
"366","Drake","0.2370","0.490","0.5070"," -6.205","0.0849","0.209000","0.1190","147.037","Bria's Interlude (feat. Omarion)","So Far Gone","2009"
"367","Drake","0.2580","0.471","0.7840"," -8.250","0.8830","0.819000","0.1070","160.833","The Calm","So Far Gone","2009"
"368","Drake","0.1360","0.397","0.0906","-21.655","0.0540","0.988000","0.3440","185.167","Outro (feat. Chilly Gonzales)","So Far Gone","2009"
"369","Drake","0.3560","0.399","0.4910"," -8.992","0.0714","0.631000","0.1710"," 94.542","Brand New","So Far Gone","2009"
"370","Drake","0.1250","0.333","0.8590"," -2.286","0.1480","0.018500","0.2200"," 86.882","Congratulations","So Far Gone","2009"
"371","Olivia Rodrigo","0.4010","0.430","0.692"," -4.234","0.0429","0.25400","0.1480","156.261","all-american bitch","GUTS","2023"
"372","Olivia Rodrigo","0.7480","0.627","0.879"," -3.446","0.0955","0.00193","0.0647","129.979","bad idea right?","GUTS","2023"
"373","Olivia Rodrigo","0.3500","0.511","0.532"," -5.745","0.0578","0.17700","0.2910","138.005","vampire","GUTS","2023"
"374","Olivia Rodrigo","0.4130","0.455","0.379"," -7.628","0.0341","0.80300","0.1090"," 76.967","lacy","GUTS","2023"
"375","Olivia Rodrigo","0.4690","0.385","0.873"," -3.331","0.0690","0.05570","0.3530","120.393","ballad of a homeschooled girl","GUTS","2023"
"376","Olivia Rodrigo","0.2260","0.537","0.413"," -7.736","0.0319","0.34600","0.1200","133.210","making the bed","GUTS","2023"
"377","Olivia Rodrigo","0.1530","0.499","0.246"," -8.082","0.0345","0.85300","0.1000"," 81.051","logical","GUTS","2023"
"378","Olivia Rodrigo","0.7400","0.546","0.846"," -5.719","0.1810","0.01350","0.6070","162.043","get him back!","GUTS","2023"
"379","Olivia Rodrigo","0.6770","0.520","0.831"," -3.432","0.0968","0.00261","0.1560","160.035","love is embarrassing","GUTS","2023"
"380","Olivia Rodrigo","0.3170","0.548","0.307"," -9.214","0.0781","0.91600","0.0828","127.923","the grudge","GUTS","2023"
"381","Olivia Rodrigo","0.5940","0.554","0.854"," -4.338","0.0561","0.00394","0.0798","123.926","pretty isn’t pretty","GUTS","2023"
"382","Olivia Rodrigo","0.1040","0.422","0.229","-10.208","0.0362","0.81600","0.1090","135.820","teenage dream","GUTS","2023"
"383","Olivia Rodrigo","0.2800","0.672","0.526"," -6.446","0.0599","0.03110","0.2800","123.999","brutal","SOUR","2021"
"384","Olivia Rodrigo","0.0849","0.380","0.339"," -7.885","0.0338","0.69100","0.1200","100.607","traitor","SOUR","2021"
"385","Olivia Rodrigo","0.1370","0.561","0.431"," -8.810","0.0578","0.76800","0.1060","143.875","drivers license","SOUR","2021"
"386","Olivia Rodrigo","0.4190","0.473","0.203","-12.627","0.1020","0.94100","0.1260","168.884","1 step forward, 3 steps back","SOUR","2021"
"387","Olivia Rodrigo","0.1780","0.442","0.612"," -7.222","0.1120","0.58400","0.3700","180.917","deja vu","SOUR","2021"
"388","Olivia Rodrigo","0.6880","0.563","0.664"," -5.044","0.1540","0.33500","0.0849","166.928","good 4 u","SOUR","2021"
"389","Olivia Rodrigo","0.2690","0.638","0.259","-10.706","0.0898","0.75300","0.2190"," 88.485","enough for you","SOUR","2021"
"390","Olivia Rodrigo","0.3380","0.395","0.443"," -9.720","0.1330","0.76500","0.0839","168.924","happier","SOUR","2021"
"391","Olivia Rodrigo","0.6990","0.695","0.575"," -6.334","0.1160","0.19800","0.0614","163.929","jealousy, jealousy","SOUR","2021"
"392","Olivia Rodrigo","0.2180","0.369","0.272","-10.497","0.0364","0.86600","0.1470","172.929","favorite crime","SOUR","2021"
"393","Olivia Rodrigo","0.1720","0.443","0.298","-12.181","0.0644","0.38800","0.1030"," 77.253","hope ur ok","SOUR","2021"
